{"_step":10,"k":10,"_wandb":{"runtime":8},"map@10":0.016829453262786596,"recall":0.043429997807977246,"_timestamp":1.7774836945718422e+09,"precision":0.030222222222222227,"mrr":0.08403880070546738,"ndcg":0.04038549558757445,"precision@10":0.030222222222222227,"ndcg@10":0.04038549558757445,"mrr@10":0.08403880070546738,"_runtime":8,"recall@10":0.043429997807977246,"map":0.016829453262786596}