{"_runtime":2,"_step":10,"precision":0.2702222222222222,"mrr":0.6128888888888889,"ndcg":0.4164697408385717,"mrr@10":0.6128888888888889,"map":0.29571234777861755,"recall":0.3882877632005847,"_wandb":{"runtime":2},"ndcg@10":0.4164697408385717,"k":10,"_timestamp":1.7774826519655557e+09,"map@10":0.29571234777861755,"precision@10":0.2702222222222222,"recall@10":0.3882877632005847}