{"ndcg@10":0.4465923722646414,"_wandb":{"runtime":2},"map@10":0.31710808488004255,"recall@10":0.40191038085248965,"_timestamp":1.777484127591561e+09,"mrr@10":0.6977125220458553,"recall":0.40191038085248965,"mrr":0.6977125220458553,"precision@10":0.2817777777777778,"map":0.31710808488004255,"_runtime":2,"k":10,"precision":0.2817777777777778,"_step":10,"ndcg":0.4465923722646414}