{
  "metrics_by_k": {
    "precision": [
      0.5511111111111111,
      0.4911111111111111,
      0.4400000000000001,
      0.38333333333333336,
      0.34933333333333383,
      0.325185185185185,
      0.30285714285714327,
      0.2872222222222222,
      0.27061728395061735,
      0.257777777777778
    ],
    "recall": [
      0.08966903656781948,
      0.1597668771211812,
      0.20711751861361838,
      0.23260921731844475,
      0.260564061325013,
      0.2879884476762524,
      0.30928509709570895,
      0.33013721774194726,
      0.347839550643063,
      0.36970318700669946
    ],
    "fscore": [
      0.14778423164257182,
      0.22602893252921819,
      0.261195553210133,
      0.26702487425294247,
      0.2747201695203667,
      0.28104764115272257,
      0.2812959058479227,
      0.2829629595055771,
      0.28101068938135665,
      0.28062470934039935
    ],
    "map": [
      0.08966903656781948,
      0.1472826270327,
      0.1811190174969543,
      0.19743885515800488,
      0.21398142646494406,
      0.22960521875522805,
      0.23947876389569045,
      0.24820016676660306,
      0.25515276597778536,
      0.2616677651761179
    ],
    "ndcg": [
      0.44555555555555554,
      0.42779598974412836,
      0.412771899471054,
      0.39727340133910266,
      0.39297466548210314,
      0.3934960562375828,
      0.395387284440538,
      0.40049037771712437,
      0.40453984915062385,
      0.41007051168145897
    ],
    "mrr": [
      0.5511111111111111,
      0.6222222222222222,
      0.6414814814814814,
      0.6492592592592592,
      0.6563703703703702,
      0.6578518518518517,
      0.6591216931216929,
      0.6618994708994707,
      0.6628871252204583,
      0.6646649029982361
    ]
  },
  "k10": {
    "precision": 0.257777777777778,
    "recall": 0.36970318700669946,
    "fscore": 0.28062470934039935,
    "map": 0.2616677651761179,
    "ndcg": 0.41007051168145897,
    "mrr": 0.6646649029982361
  },
  "runtime_seconds": 28.78909397125244,
  "context_window": 2,
  "max_synonyms": 3
}