{"mrr":0.30275837742504413,"_runtime":9,"_step":10,"recall":0.16278659650110844,"_timestamp":1.777483786890899e+09,"_wandb":{"runtime":9},"map@10":0.11085265530080346,"map":0.11085265530080346,"ndcg":0.17594096662986772,"recall@10":0.16278659650110844,"precision":0.11777777777777777,"precision@10":0.11777777777777777,"ndcg@10":0.17594096662986772,"k":10,"mrr@10":0.30275837742504413}