{
  "baseline_tfidf": {
    "1": {
      "precision": 0.6488888888888888,
      "recall": 0.10972107893358737,
      "fscore": 0.18070727664404826,
      "map": 0.10972107893358737,
      "ndcg": 0.52,
      "mrr": 0.6488888888888888
    },
    "2": {
      "precision": 0.5511111111111111,
      "recall": 0.18437714605952035,
      "fscore": 0.26007689231574027,
      "map": 0.17523141135238215,
      "ndcg": 0.4800284381449147,
      "mrr": 0.7022222222222222
    },
    "3": {
      "precision": 0.48148148148148145,
      "recall": 0.22880055372350663,
      "fscore": 0.28870049563612815,
      "map": 0.21202584646733372,
      "ndcg": 0.45580839202268,
      "mrr": 0.7155555555555555
    },
    "4": {
      "precision": 0.4255555555555556,
      "recall": 0.2639327130073901,
      "fscore": 0.30175514467856906,
      "map": 0.23562746651608021,
      "ndcg": 0.4418899001072453,
      "mrr": 0.7233333333333334
    },
    "5": {
      "precision": 0.38755555555555554,
      "recall": 0.293312121448202,
      "fscore": 0.30864566122088444,
      "map": 0.2527066587987813,
      "ndcg": 0.4361326022805182,
      "mrr": 0.7286666666666666
    },
    "6": {
      "precision": 0.3637037037037037,
      "recall": 0.32399998478312414,
      "fscore": 0.3169215759111792,
      "map": 0.2684660330483516,
      "ndcg": 0.4397327466510792,
      "mrr": 0.7338518518518519
    },
    "7": {
      "precision": 0.3352380952380952,
      "recall": 0.3443028383461642,
      "fscore": 0.3138581782672447,
      "map": 0.2786539688849654,
      "ndcg": 0.44100791454700855,
      "mrr": 0.7363915343915344
    },
    "8": {
      "precision": 0.32,
      "recall": 0.37048958817470967,
      "fscore": 0.31764418156852914,
      "map": 0.29048098364007613,
      "ndcg": 0.4491993242623141,
      "mrr": 0.7363915343915344
    },
    "9": {
      "precision": 0.3002469135802469,
      "recall": 0.3874123827492284,
      "fscore": 0.3129737909493603,
      "map": 0.2970907822563882,
      "ndcg": 0.45259117446128516,
      "mrr": 0.7378730158730159
    },
    "10": {
      "precision": 0.2813333333333333,
      "recall": 0.4004766597938976,
      "fscore": 0.30591327188433276,
      "map": 0.3023784410028705,
      "ndcg": 0.454638732617823,
      "mrr": 0.7378730158730159
    }
  },
  "embedding_lsa": {
    "1": {
      "precision": 0.6622222222222223,
      "recall": 0.11469055779780309,
      "fscore": 0.1878210517578234,
      "map": 0.11469055779780309,
      "ndcg": 0.5211111111111111,
      "mrr": 0.6622222222222223
    },
    "2": {
      "precision": 0.5466666666666666,
      "recall": 0.18198235566472995,
      "fscore": 0.2569032228479532,
      "map": 0.1764340995024387,
      "ndcg": 0.47295981458279596,
      "mrr": 0.7044444444444444
    },
    "3": {
      "precision": 0.47407407407407404,
      "recall": 0.22729422055050683,
      "fscore": 0.28599128341483204,
      "map": 0.21204603810156045,
      "ndcg": 0.4501503879916701,
      "mrr": 0.7207407407407407
    },
    "4": {
      "precision": 0.43222222222222223,
      "recall": 0.26520956967898357,
      "fscore": 0.30465094658915987,
      "map": 0.23793367135737276,
      "ndcg": 0.4430590760404878,
      "mrr": 0.7307407407407407
    },
    "5": {
      "precision": 0.39111111111111113,
      "recall": 0.29621906200220144,
      "fscore": 0.31186745722665316,
      "map": 0.2549512412965113,
      "ndcg": 0.43724369743912744,
      "mrr": 0.7378518518518519
    },
    "6": {
      "precision": 0.36444444444444446,
      "recall": 0.3238386091217485,
      "fscore": 0.317564566665281,
      "map": 0.2701893642846343,
      "ndcg": 0.4411937586504047,
      "mrr": 0.7408148148148148
    },
    "7": {
      "precision": 0.339047619047619,
      "recall": 0.3464744894982075,
      "fscore": 0.3169913293372188,
      "map": 0.2819839757881479,
      "ndcg": 0.44349938166062425,
      "mrr": 0.742084656084656
    },
    "8": {
      "precision": 0.31777777777777777,
      "recall": 0.36971288871699887,
      "fscore": 0.31617108150912615,
      "map": 0.2919266338018843,
      "ndcg": 0.448278890012889,
      "mrr": 0.7431957671957672
    },
    "9": {
      "precision": 0.2962962962962963,
      "recall": 0.38249036309447326,
      "fscore": 0.30925775136977984,
      "map": 0.2977551025896124,
      "ndcg": 0.4489335903368111,
      "mrr": 0.743689594356261
    },
    "10": {
      "precision": 0.2791111111111111,
      "recall": 0.395674742997244,
      "fscore": 0.30328094381311105,
      "map": 0.30260368614739136,
      "ndcg": 0.4521787963319613,
      "mrr": 0.7441340388007054
    }
  }
}