{"_step":10,"_runtime":2,"precision@10":0.23600000000000004,"mrr@10":0.5878959435626103,"_timestamp":1.777482773164653e+09,"recall@10":0.34485789393919714,"map":0.25094279275496206,"ndcg@10":0.36919495845653233,"map@10":0.25094279275496206,"precision":0.23600000000000004,"_wandb":{"runtime":2},"mrr":0.5878959435626103,"ndcg":0.36919495845653233,"recall":0.34485789393919714,"k":10}