{"_wandb":{"runtime":2},"_timestamp":1.7774839192701204e+09,"ndcg@10":0.5166534157827638,"mrr@10":0.7637354497354497,"mrr":0.7637354497354497,"recall@10":0.4672888506285253,"ndcg":0.5166534157827638,"map":0.38400170347974577,"precision@10":0.32666666666666666,"k":10,"recall":0.4672888506285253,"map@10":0.38400170347974577,"_step":10,"_runtime":2,"precision":0.32666666666666666}