{
  "best_parameter": 18,
  "metrics_by_k": {
    "precision": [
      0.6666666666666666,
      0.5555555555555556,
      0.48888888888888915,
      0.43777777777777777,
      0.3911111111111112,
      0.36148148148148146,
      0.33714285714285736,
      0.31722222222222224,
      0.2997530864197534,
      0.28311111111111126
    ],
    "recall": [
      0.11103612581003769,
      0.18417761946525688,
      0.23043541117856978,
      0.2663954945851142,
      0.29196841758489034,
      0.3257878512376573,
      0.35050423883383924,
      0.3715862723910017,
      0.39304011049189874,
      0.40937964388315623
    ],
    "fscore": [
      0.18321531181875003,
      0.2600522009577152,
      0.2915541178017117,
      0.30674018975236517,
      0.30885895122743506,
      0.3160423623219552,
      0.3171815054888327,
      0.316006329106591,
      0.3143174891833384,
      0.30986622378540024
    ],
    "map": [
      0.11103612581003769,
      0.1766674783717825,
      0.21358637326735444,
      0.23918220041974542,
      0.2539749459686028,
      0.2697472436297894,
      0.28168506029415524,
      0.29191796214510407,
      0.29988720378863776,
      0.3058330357769984
    ],
    "ndcg": [
      0.5288888888888889,
      0.48728792876279264,
      0.46264661111290156,
      0.449972522791035,
      0.4404662410699198,
      0.4438006407895213,
      0.4465118718057133,
      0.45142613593321396,
      0.4577097708799896,
      0.4611219807515199
    ],
    "mrr": [
      0.6666666666666666,
      0.7088888888888889,
      0.7237037037037038,
      0.7292592592592594,
      0.7354814814814815,
      0.7414074074074075,
      0.7426772486772487,
      0.7432328042328044,
      0.7452081128747798,
      0.7460970017636687
    ]
  },
  "k10": {
    "precision": 0.28311111111111126,
    "recall": 0.40937964388315623,
    "fscore": 0.30986622378540024,
    "map": 0.3058330357769984,
    "ndcg": 0.4611219807515199,
    "mrr": 0.7460970017636687
  },
  "runtime_seconds": 15.472917556762695,
  "avg_reduced_query_len": 10.155555555555555
}