{
  "best_parameter": {
    "top_docs": 3,
    "keep_k": 6,
    "alpha": 0.3
  },
  "metrics_by_k": {
    "precision": [
      0.6444444444444445,
      0.5333333333333333,
      0.46814814814814837,
      0.4222222222222222,
      0.3840000000000002,
      0.3540740740740741,
      0.3314285714285717,
      0.31,
      0.2938271604938274,
      0.2751111111111113
    ],
    "recall": [
      0.10743118753843275,
      0.17420231082328158,
      0.2196872373251328,
      0.2561279018789249,
      0.28732972294619563,
      0.31678332489979766,
      0.3406882422897727,
      0.35943870618203205,
      0.3796386438623619,
      0.3922891269075817
    ],
    "fscore": [
      0.1771135617169999,
      0.24682083972635405,
      0.2781335260477867,
      0.2949184005127539,
      0.3034309470049319,
      0.3084432604211677,
      0.31010714200696704,
      0.30739756833897824,
      0.306303554779371,
      0.29933622683333333
    ],
    "map": [
      0.10743118753843275,
      0.1668032808409183,
      0.20286839836809303,
      0.22822999467660401,
      0.24586824300078877,
      0.2599964255178603,
      0.2717661884314656,
      0.2808751501793076,
      0.28900353857458055,
      0.2943099127721827
    ],
    "ndcg": [
      0.5122222222222222,
      0.470286976058681,
      0.4443049229450574,
      0.4336751456392675,
      0.42711186776514803,
      0.4293688663019749,
      0.43302553300531077,
      0.43611488022366074,
      0.4418415149095675,
      0.4435663720001925
    ],
    "mrr": [
      0.6444444444444445,
      0.6888888888888889,
      0.700740740740741,
      0.7085185185185188,
      0.713851851851852,
      0.7205185185185186,
      0.7211534391534393,
      0.7233756613756616,
      0.7253509700176369,
      0.7253509700176369
    ]
  },
  "k10": {
    "precision": 0.2751111111111113,
    "recall": 0.3922891269075817,
    "fscore": 0.29933622683333333,
    "map": 0.2943099127721827,
    "ndcg": 0.4435663720001925,
    "mrr": 0.7253509700176369
  },
  "runtime_seconds": 46.06733846664429,
  "avg_reduced_query_len": 5.857777777777778
}