{
  "best_parameter": {
    "top_docs": 3,
    "keep_k": 4,
    "alpha": 0.5
  },
  "metrics_by_k": {
    "precision": [
      0.5822222222222222,
      0.5133333333333333,
      0.45925925925925953,
      0.4022222222222222,
      0.37155555555555586,
      0.34074074074074057,
      0.3180952380952383,
      0.29777777777777775,
      0.2824691358024694,
      0.26666666666666694
    ],
    "recall": [
      0.09974782740861168,
      0.16949002083906176,
      0.21561829392285606,
      0.24439504831273798,
      0.2749758936733777,
      0.3009158814270911,
      0.3247303435082199,
      0.3441367413950099,
      0.3647142909333437,
      0.3797740904782006
    ],
    "fscore": [
      0.16392642124530662,
      0.23974291764843195,
      0.2731604473562257,
      0.2816131951344836,
      0.29220595343029937,
      0.2948058240281068,
      0.2967337136147844,
      0.2950398062721108,
      0.29454127566813504,
      0.29029585247142553
    ],
    "map": [
      0.09974782740861168,
      0.16171568506079373,
      0.19574587942146635,
      0.21486491427908258,
      0.23281483041792786,
      0.24607584808580832,
      0.25627297582579334,
      0.26514004330805685,
      0.2734852554669945,
      0.279145106020868
    ],
    "ndcg": [
      0.45666666666666667,
      0.4384000315432594,
      0.4253463761106902,
      0.4114943305632945,
      0.407963129598673,
      0.40780612519846104,
      0.41174406576991973,
      0.4144724921636401,
      0.42073031335407723,
      0.4243930611052736
    ],
    "mrr": [
      0.5822222222222222,
      0.64,
      0.6607407407407405,
      0.6696296296296296,
      0.6758518518518517,
      0.6788148148148146,
      0.6819894179894177,
      0.6836560846560844,
      0.6846437389770721,
      0.6859770723104055
    ]
  },
  "k10": {
    "precision": 0.26666666666666694,
    "recall": 0.3797740904782006,
    "fscore": 0.29029585247142553,
    "map": 0.279145106020868,
    "ndcg": 0.4243930611052736,
    "mrr": 0.6859770723104055
  },
  "runtime_seconds": 11.757621765136719,
  "avg_reduced_query_len": 4.0
}