{
  "dataset": "C:\\Users\\sudhi\\OneDrive\\Desktop\\CS6370-NLP\\project\\NLP_ASSIGNMENT2\\cranfield",
  "best_config": {
    "vector_size": 150,
    "window": 5,
    "sg": 1,
    "sg_label": "skipgram",
    "epochs": 20,
    "sentences_seen": 9966,
    "present_in_model": 7010,
    "vocab_terms": 7010,
    "model_coverage": 1.0,
    "avg_in_vocab_tokens_per_doc": 93.21214285714285,
    "avg_in_vocab_tokens_per_query": 10.03111111111111,
    "zero_vector_docs": 2,
    "zero_vector_queries": 0,
    "metrics_by_k": {
      "precision": [
        0.5644444444444444,
        0.4911111111111111,
        0.4192592592592593,
        0.38,
        0.33688888888888924,
        0.3155555555555555,
        0.29777777777777814,
        0.27666666666666667,
        0.2622222222222224,
        0.2484444444444445
      ],
      "recall": [
        0.0965421056689588,
        0.15842374444938062,
        0.19815670675625494,
        0.23612893568926818,
        0.2565324421444988,
        0.2887306919701996,
        0.31619970710061834,
        0.33601758239888574,
        0.3567877628357328,
        0.37147998057967485
      ],
      "fscore": [
        0.15754699702762823,
        0.22408042822176938,
        0.2491487190611848,
        0.2683116352109397,
        0.26761825969207836,
        0.2772810674593305,
        0.28258871649201306,
        0.279802806554481,
        0.279227559448182,
        0.27567113046102165
      ],
      "map": [
        0.0965421056689588,
        0.14826632071842744,
        0.17798770567299524,
        0.2016404460879904,
        0.2127941339497243,
        0.22837228147395025,
        0.24038004028897716,
        0.24826455891124088,
        0.2563348946112062,
        0.26241587601804967
      ],
      "ndcg": [
        0.4477777777777778,
        0.42687055461014306,
        0.40186251825253244,
        0.3961697548536793,
        0.3853831000436483,
        0.390914962570408,
        0.39577725985803,
        0.3995821317222093,
        0.4047142731523154,
        0.4084402505110263
      ],
      "mrr": [
        0.5644444444444444,
        0.6355555555555555,
        0.6474074074074073,
        0.6562962962962963,
        0.6589629629629629,
        0.6648888888888889,
        0.6674285714285714,
        0.6685396825396824,
        0.6710088183421516,
        0.6723421516754851
      ]
    },
    "precision_at_10": 0.2484444444444445,
    "recall_at_10": 0.37147998057967485,
    "fscore_at_10": 0.27567113046102165,
    "map_at_10": 0.26241587601804967,
    "ndcg_at_10": 0.4084402505110263,
    "mrr_at_10": 0.6723421516754851
  },
  "vector_size_sweep_best": [
    {
      "vector_size": 50,
      "window": 5,
      "sg": 1,
      "sg_label": "skipgram",
      "epochs": 20,
      "sentences_seen": 9966,
      "present_in_model": 7010,
      "vocab_terms": 7010,
      "model_coverage": 1.0,
      "avg_in_vocab_tokens_per_doc": 93.21214285714285,
      "avg_in_vocab_tokens_per_query": 10.03111111111111,
      "zero_vector_docs": 2,
      "zero_vector_queries": 0,
      "metrics_by_k": {
        "precision": [
          0.5022222222222222,
          0.4177777777777778,
          0.37925925925925935,
          0.3333333333333333,
          0.3057777777777782,
          0.28370370370370374,
          0.26666666666666683,
          0.25,
          0.2360493827160494,
          0.22488888888888908
        ],
        "recall": [
          0.08682926295611607,
          0.13392387444484516,
          0.1797512675807008,
          0.20758088858949691,
          0.23680381019747607,
          0.26171841592580725,
          0.2843082299006788,
          0.3042154449078938,
          0.3212158519208095,
          0.33930579901075625
        ],
        "fscore": [
          0.14114645267586434,
          0.1898686802905347,
          0.22600922204862295,
          0.2362137353276943,
          0.24620519603670313,
          0.25120849036023585,
          0.25427766441222627,
          0.2536733999334642,
          0.2514416367811341,
          0.25034695964918435
        ],
        "map": [
          0.08682926295611607,
          0.12480180424924564,
          0.1555129582215968,
          0.17259078717087611,
          0.18829526323972004,
          0.20047907446601493,
          0.20949481591607494,
          0.21746893007352242,
          0.22403140855253603,
          0.22941227275006687
        ],
        "ndcg": [
          0.39111111111111113,
          0.36453062381894163,
          0.35689596772466176,
          0.3464166583192047,
          0.346393695082847,
          0.34715562337026584,
          0.35250110169373716,
          0.35772354212103147,
          0.3612474973236184,
          0.367359892397918
        ],
        "mrr": [
          0.5022222222222222,
          0.5688888888888889,
          0.5925925925925926,
          0.6003703703703703,
          0.6057037037037037,
          0.6101481481481481,
          0.6126878306878306,
          0.6132433862433861,
          0.6147248677248678,
          0.6173915343915346
        ]
      },
      "precision_at_10": 0.22488888888888908,
      "recall_at_10": 0.33930579901075625,
      "fscore_at_10": 0.25034695964918435,
      "map_at_10": 0.22941227275006687,
      "ndcg_at_10": 0.367359892397918,
      "mrr_at_10": 0.6173915343915346
    },
    {
      "vector_size": 100,
      "window": 5,
      "sg": 1,
      "sg_label": "skipgram",
      "epochs": 20,
      "sentences_seen": 9966,
      "present_in_model": 7010,
      "vocab_terms": 7010,
      "model_coverage": 1.0,
      "avg_in_vocab_tokens_per_doc": 93.21214285714285,
      "avg_in_vocab_tokens_per_query": 10.03111111111111,
      "zero_vector_docs": 2,
      "zero_vector_queries": 0,
      "metrics_by_k": {
        "precision": [
          0.5422222222222223,
          0.46444444444444444,
          0.4074074074074074,
          0.37333333333333335,
          0.3377777777777782,
          0.3155555555555553,
          0.2914285714285718,
          0.2777777777777778,
          0.2602469135802471,
          0.24133333333333346
        ],
        "recall": [
          0.09228329657681636,
          0.1494046968303329,
          0.19134621222736956,
          0.23173410602250866,
          0.25836865304211315,
          0.2901020159029272,
          0.3112990929850617,
          0.33634356760992834,
          0.3516497244160852,
          0.3614962852626461
        ],
        "fscore": [
          0.15087068205719562,
          0.21187643057332733,
          0.2418306774536695,
          0.2639808382569544,
          0.2696565511029188,
          0.2782463799971922,
          0.27732136184396566,
          0.2804668166703688,
          0.2762356595848683,
          0.2678029405898076
        ],
        "map": [
          0.09228329657681636,
          0.13895120188664195,
          0.16919263543175636,
          0.1942406104518319,
          0.20844334186260935,
          0.22331039903685612,
          0.23284434046488617,
          0.24256643925389673,
          0.24912318840323847,
          0.2530633118600286
        ],
        "ndcg": [
          0.42777777777777776,
          0.4059742187161936,
          0.3879698432313262,
          0.3847980052918871,
          0.3795373692506346,
          0.38399398560886133,
          0.3862694275153088,
          0.3924316604055435,
          0.3954504433538615,
          0.39612439718716624
        ],
        "mrr": [
          0.5422222222222223,
          0.6155555555555555,
          0.6333333333333334,
          0.6388888888888891,
          0.6433333333333334,
          0.6507407407407408,
          0.652010582010582,
          0.6542328042328043,
          0.6562081128747796,
          0.6566525573192241
        ]
      },
      "precision_at_10": 0.24133333333333346,
      "recall_at_10": 0.3614962852626461,
      "fscore_at_10": 0.2678029405898076,
      "map_at_10": 0.2530633118600286,
      "ndcg_at_10": 0.39612439718716624,