{"k":10,"_timestamp":1.777484030648884e+09,"recall@10":0.168542500547084,"map":0.101508471207413,"_wandb":{"runtime":1},"ndcg":0.17608153127081214,"mrr":0.30975308641975313,"_step":10,"recall":0.168542500547084,"mrr@10":0.30975308641975313,"precision@10":0.116,"_runtime":1,"ndcg@10":0.17608153127081214,"precision":0.116,"map@10":0.101508471207413}