{"ndcg":0.25921039927911754,"_wandb":{"runtime":5},"k":10,"map":0.16024193541614176,"precision@10":0.14844444444444446,"recall@10":0.22258986038759357,"_step":10,"mrr@10":0.4917072310405644,"ndcg@10":0.25921039927911754,"precision":0.14844444444444446,"_timestamp":1.777483137992207e+09,"_runtime":5,"mrr":0.4917072310405644,"recall":0.22258986038759357,"map@10":0.16024193541614176}