{
  "metrics_by_k": {
    "precision": [
      0.5244444444444445,
      0.47333333333333333,
      0.4237037037037038,
      0.3688888888888889,
      0.34044444444444494,
      0.32074074074074044,
      0.3022222222222227,
      0.285,
      0.26518518518518525,
      0.2506666666666669
    ],
    "recall": [
      0.08430042986587945,
      0.15196125908749297,
      0.1991011814744742,
      0.22604625396600772,
      0.25392859640007437,
      0.2860218856482869,
      0.30999155749308777,
      0.3292021696840921,
      0.3444108578731724,
      0.36178473346543893
    ],
    "fscore": [
      0.1389848257203589,
      0.2154998320001177,
      0.2512269785748916,
      0.25839820178905554,
      0.267505557239707,
      0.27774484305515323,
      0.2815533409998722,
      0.2815457843430745,
      0.27650154263147386,
      0.2735589324115855
    ],
    "map": [
      0.08430042986587945,
      0.13801460298397417,
      0.171408836298469,
      0.18756168970920203,
      0.20363283614471628,
      0.21925752363033996,
      0.2309736436175053,
      0.23919830797819897,
      0.24454783394646123,
      0.2504125334870229
    ],
    "ndcg": [
      0.4222222222222222,
      0.4091798674013956,
      0.3965089514569853,
      0.3839879425409162,
      0.38097119451183425,
      0.3861386510913385,
      0.3887344568148795,
      0.3924463302280106,
      0.393607866341481,
      0.39841796750842723
    ],
    "mrr": [
      0.5244444444444445,
      0.6,
      0.6177777777777776,
      0.6288888888888887,
      0.635111111111111,
      0.6402962962962961,
      0.6415661375661372,
      0.643232804232804,
      0.6442204585537917,
      0.644664902998236
    ]
  },
  "k10": {
    "precision": 0.2506666666666669,
    "recall": 0.36178473346543893,
    "fscore": 0.2735589324115855,
    "map": 0.2504125334870229,
    "ndcg": 0.39841796750842723,
    "mrr": 0.644664902998236
  },
  "runtime_seconds": 28.766780853271484,
  "context_window": 4,
  "max_synonyms": 3
}