{"recall":0.39011043480228563,"precision@10":0.26355555555555554,"ndcg":0.4389200692199434,"precision":0.26355555555555554,"recall@10":0.39011043480228563,"_runtime":2,"map@10":0.30865121427171693,"_wandb":{"runtime":2},"ndcg@10":0.4389200692199434,"mrr@10":0.7009276895943561,"mrr":0.7009276895943561,"k":10,"_step":10,"map":0.30865121427171693,"_timestamp":1.777483339740373e+09}