{"ndcg@10":0.5179214804085462,"mrr@10":0.7850864197530865,"ndcg":0.5179214804085462,"_wandb":{"runtime":9},"_step":10,"precision@10":0.3186666666666666,"recall@10":0.4587354137345098,"_timestamp":1.7774824479473956e+09,"_runtime":9,"k":10,"recall":0.4587354137345098,"map@10":0.38372331051762265,"map":0.38372331051762265,"mrr":0.7850864197530865,"precision":0.3186666666666666}