{"_runtime":3,"_step":10,"recall":0.168542500547084,"precision@10":0.116,"mrr@10":0.30975308641975313,"_timestamp":1.7774829402630036e+09,"recall@10":0.168542500547084,"ndcg":0.17608153127081214,"precision":0.116,"mrr":0.30975308641975313,"_wandb":{"runtime":3},"map@10":0.101508471207413,"ndcg@10":0.17608153127081214,"k":10,"map":0.101508471207413}