{
  "best_config": {
    "vector_size": 150,
    "window": 5,
    "sg": 1,
    "sg_label": "skipgram",
    "epochs": 20,
    "sentences_seen": 9966,
    "present_in_model": 7010,
    "vocab_terms": 7010,
    "model_coverage": 1.0,
    "avg_in_vocab_tokens_per_doc": 93.21214285714285,
    "avg_in_vocab_tokens_per_query": 10.03111111111111,
    "zero_vector_docs": 2,
    "zero_vector_queries": 0,
    "metrics_by_k": {
      "precision": [
        0.5644444444444444,
        0.4911111111111111,
        0.4192592592592593,
        0.38,
        0.33688888888888924,
        0.3155555555555555,
        0.29777777777777814,
        0.27666666666666667,
        0.2622222222222224,
        0.2484444444444445
      ],
      "recall": [
        0.0965421056689588,
        0.15842374444938062,
        0.19815670675625494,
        0.23612893568926818,
        0.2565324421444988,
        0.2887306919701996,
        0.31619970710061834,
        0.33601758239888574,
        0.3567877628357328,
        0.37147998057967485
      ],
      "fscore": [
        0.15754699702762823,
        0.22408042822176938,
        0.2491487190611848,
        0.2683116352109397,
        0.26761825969207836,
        0.2772810674593305,
        0.28258871649201306,
        0.279802806554481,
        0.279227559448182,
        0.27567113046102165
      ],
      "map": [
        0.0965421056689588,
        0.14826632071842744,
        0.17798770567299524,
        0.2016404460879904,
        0.2127941339497243,
        0.22837228147395025,
        0.24038004028897716,
        0.24826455891124088,
        0.2563348946112062,
        0.26241587601804967
      ],
      "ndcg": [
        0.4477777777777778,
        0.42687055461014306,
        0.40186251825253244,
        0.3961697548536793,
        0.3853831000436483,
        0.390914962570408,
        0.39577725985803,
        0.3995821317222093,
        0.4047142731523154,
        0.4084402505110263
      ],
      "mrr": [
        0.5644444444444444,
        0.6355555555555555,
        0.6474074074074073,
        0.6562962962962963,
        0.6589629629629629,
        0.6648888888888889,
        0.6674285714285714,
        0.6685396825396824,
        0.6710088183421516,
        0.6723421516754851
      ]
    },
    "precision_at_10": 0.2484444444444445,
    "recall_at_10": 0.37147998057967485,
    "fscore_at_10": 0.27567113046102165,
    "map_at_10": 0.26241587601804967,
    "ndcg_at_10": 0.4084402505110263,
    "mrr_at_10": 0.6723421516754851
  },
  "metrics_by_k": {
    "precision": [
      0.5644444444444444,
      0.4911111111111111,
      0.4192592592592593,
      0.38,
      0.33688888888888924,
      0.3155555555555555,
      0.29777777777777814,
      0.27666666666666667,
      0.2622222222222224,
      0.2484444444444445
    ],
    "recall": [
      0.0965421056689588,
      0.15842374444938062,
      0.19815670675625494,
      0.23612893568926818,
      0.2565324421444988,
      0.2887306919701996,
      0.31619970710061834,
      0.33601758239888574,
      0.3567877628357328,
      0.37147998057967485
    ],
    "fscore": [
      0.15754699702762823,
      0.22408042822176938,
      0.2491487190611848,
      0.2683116352109397,
      0.26761825969207836,
      0.2772810674593305,
      0.28258871649201306,
      0.279802806554481,
      0.279227559448182,
      0.27567113046102165
    ],
    "map": [
      0.0965421056689588,
      0.14826632071842744,
      0.17798770567299524,
      0.2016404460879904,
      0.2127941339497243,
      0.22837228147395025,
      0.24038004028897716,
      0.24826455891124088,
      0.2563348946112062,
      0.26241587601804967
    ],
    "ndcg": [
      0.4477777777777778,
      0.42687055461014306,
      0.40186251825253244,
      0.3961697548536793,
      0.3853831000436483,
      0.390914962570408,
      0.39577725985803,
      0.3995821317222093,
      0.4047142731523154,
      0.4084402505110263
    ],
    "mrr": [
      0.5644444444444444,
      0.6355555555555555,
      0.6474074074074073,
      0.6562962962962963,
      0.6589629629629629,
      0.6648888888888889,
      0.6674285714285714,
      0.6685396825396824,
      0.6710088183421516,
      0.6723421516754851
    ]
  },
  "k10": {
    "precision": 0.2484444444444445,
    "recall": 0.37147998057967485,
    "fscore": 0.27567113046102165,
    "map": 0.26241587601804967,
    "ndcg": 0.4084402505110263,
    "mrr": 0.6723421516754851
  },
  "runtime_seconds": 93.08420753479004,
  "present_in_model": 7010,
  "vocab_terms": 7010,
  "model_coverage": 1.0,
  "avg_in_vocab_tokens_per_doc": 93.21214285714285,
  "avg_in_vocab_tokens_per_query": 10.03111111111111,
  "zero_vector_docs": 2,
  "zero_vector_queries": 0
}