{
  "1": {
    "precision": 0.5866666666666667,
    "recall": 0.10091135069494202,
    "fscore": 0.16575230342413005,
    "map": 0.10091135069494202,
    "ndcg": 0.46444444444444444,
    "mrr": 0.5866666666666667
  },
  "2": {
    "precision": 0.49777777777777776,
    "recall": 0.16500686156436487,
    "fscore": 0.23302287642374708,
    "map": 0.1571822774639187,
    "ndcg": 0.4298247027525053,
    "mrr": 0.6377777777777778
  },
  "3": {
    "precision": 0.4414814814814815,
    "recall": 0.21212746499869375,
    "fscore": 0.2670153456004009,
    "map": 0.19178939027364586,
    "ndcg": 0.4112249099422332,
    "mrr": 0.66
  },
  "4": {
    "precision": 0.4066666666666667,
    "recall": 0.25314458188126027,
    "fscore": 0.2894292218807769,
    "map": 0.21686235852443697,
    "ndcg": 0.4108750682408026,
    "mrr": 0.6766666666666666
  },
  "5": {
    "precision": 0.3751111111111111,
    "recall": 0.289208150496553,
    "fscore": 0.30271203670405,
    "map": 0.23771769731081024,
    "ndcg": 0.41143790023299515,
    "mrr": 0.6828888888888889
  },
  "6": {
    "precision": 0.3437037037037037,
    "recall": 0.3146035879337861,
    "fscore": 0.30410164038668325,
    "map": 0.2516620483005689,
    "ndcg": 0.4114241731674866,
    "mrr": 0.6865925925925925
  },
  "7": {
    "precision": 0.3206349206349206,
    "recall": 0.3373311425267903,
    "fscore": 0.3043260729930839,
    "map": 0.26255983378813513,
    "ndcg": 0.41416126519199353,
    "mrr": 0.6884973544973545
  },
  "8": {
    "precision": 0.30277777777777776,
    "recall": 0.3613687073584729,
    "fscore": 0.3046250035056172,
    "map": 0.272602880202505,
    "ndcg": 0.4202234594454112,
    "mrr": 0.6901640211640212
  },
  "9": {
    "precision": 0.2869135802469136,
    "recall": 0.3798544773389797,
    "fscore": 0.30239826290983896,
    "map": 0.28040072976468206,
    "ndcg": 0.42671959539380605,
    "mrr": 0.690657848324515
  },
  "10": {
    "precision": 0.27155555555555555,
    "recall": 0.3993209676388033,
    "fscore": 0.2995289021224282,
    "map": 0.2864596362902553,
    "ndcg": 0.43180232842120875,
    "mrr": 0.6915467372134039
  }
}