{
  "1": {
    "precision": 0.6577777777777778,
    "recall": 0.11319745185823618,
    "fscore": 0.18600094593771757,
    "map": 0.11319745185823618,
    "ndcg": 0.5255555555555556,
    "mrr": 0.6577777777777778
  },
  "2": {
    "precision": 0.5488888888888889,
    "recall": 0.18363881875978955,
    "fscore": 0.2589390055111868,
    "map": 0.17705546061986757,
    "ndcg": 0.47962631416124224,
    "mrr": 0.7022222222222222
  },
  "3": {
    "precision": 0.4829629629629629,
    "recall": 0.2298462487692017,
    "fscore": 0.28987701410676425,
    "map": 0.21390536831075957,
    "ndcg": 0.4559723482532801,
    "mrr": 0.7185185185185184
  },
  "4": {
    "precision": 0.43,
    "recall": 0.2655623033650506,
    "fscore": 0.30432436167310123,
    "map": 0.23878411539101904,
    "ndcg": 0.44453799742757527,
    "mrr": 0.7251851851851852
  },
  "5": {
    "precision": 0.384,
    "recall": 0.2918094759455565,
    "fscore": 0.306676752796733,
    "map": 0.25337926838617203,
    "ndcg": 0.4342287006876527,
    "mrr": 0.7314074074074074
  },
  "6": {
    "precision": 0.362962962962963,
    "recall": 0.32634755261108417,
    "fscore": 0.31799696482880796,
    "map": 0.2710820430382931,
    "ndcg": 0.44156336036328536,
    "mrr": 0.7351111111111112
  },
  "7": {
    "precision": 0.34095238095238095,
    "recall": 0.350673944364329,
    "fscore": 0.3196291207597558,
    "map": 0.28446928309802066,
    "ndcg": 0.44475549102977435,
    "mrr": 0.737015873015873
  },
  "8": {
    "precision": 0.31777777777777777,
    "recall": 0.3686993898701667,
    "fscore": 0.3159434064971374,
    "map": 0.2925380881129041,
    "ndcg": 0.44790233663604134,
    "mrr": 0.7381269841269841
  },
  "9": {
    "precision": 0.30123456790123454,
    "recall": 0.3902369424410526,
    "fscore": 0.3148660708082724,
    "map": 0.30061334248815846,
    "ndcg": 0.4538684463222505,
    "mrr": 0.7401022927689594
  },
  "10": {
    "precision": 0.27955555555555556,
    "recall": 0.40036347278597373,
    "fscore": 0.3050820720579144,
    "map": 0.30425532153933293,
    "ndcg": 0.45501679476657186,
    "mrr": 0.7405467372134039
  }
}