{
  "1": {
    "precision": 0.6488888888888888,
    "recall": 0.11205267071345502,
    "fscore": 0.18399036392713555,
    "map": 0.11205267071345502,
    "ndcg": 0.5222222222222223,
    "mrr": 0.6488888888888888
  },
  "2": {
    "precision": 0.5511111111111111,
    "recall": 0.1836258233081976,
    "fscore": 0.25905925563143695,
    "map": 0.176476572321681,
    "ndcg": 0.47975725250729157,
    "mrr": 0.7
  },
  "3": {
    "precision": 0.4888888888888889,
    "recall": 0.23216359808655102,
    "fscore": 0.29314756708319956,
    "map": 0.21497579647475498,
    "ndcg": 0.45832907449911514,
    "mrr": 0.7162962962962962
  },
  "4": {
    "precision": 0.43333333333333335,
    "recall": 0.266006747809495,
    "fscore": 0.30548624787007517,
    "map": 0.23999117544164636,
    "ndcg": 0.44617761054352945,
    "mrr": 0.7196296296296296
  },
  "5": {
    "precision": 0.3831111111111111,
    "recall": 0.2918712043406182,
    "fscore": 0.3062426030684657,
    "map": 0.2536776864614907,
    "ndcg": 0.43486509380247196,
    "mrr": 0.7276296296296296
  },
  "6": {
    "precision": 0.3637037037037037,
    "recall": 0.32759858988172924,
    "fscore": 0.3189283309571499,
    "map": 0.27200350558306147,
    "ndcg": 0.44200627399914816,
    "mrr": 0.7305925925925926
  },
  "7": {
    "precision": 0.3384126984126984,
    "recall": 0.349140741184067,
    "fscore": 0.3177139371779055,
    "map": 0.2837936883790651,
    "ndcg": 0.44425152100032056,
    "mrr": 0.7337671957671957
  },
  "8": {
    "precision": 0.32055555555555554,
    "recall": 0.3706546740921176,
    "fscore": 0.3182480532570271,
    "map": 0.2938979566779412,
    "ndcg": 0.4495885242307451,
    "mrr": 0.7348783068783069
  },
  "9": {
    "precision": 0.29975308641975307,
    "recall": 0.3903163075204177,
    "fscore": 0.3137220831596408,
    "map": 0.3014823745919888,
    "ndcg": 0.45359699612832155,
    "mrr": 0.7358659611992946
  },
  "10": {
    "precision": 0.2822222222222222,
    "recall": 0.40253352013236715,
    "fscore": 0.30717699705702667,
    "map": 0.30610010455533276,
    "ndcg": 0.45603313820240315,
    "mrr": 0.7367548500881834
  }
}