{
  "1": {
    "precision": 0.6488888888888888,
    "recall": 0.10972107893358737,
    "fscore": 0.18070727664404826,
    "map": 0.10972107893358737,
    "ndcg": 0.5177777777777778,
    "mrr": 0.6488888888888888
  },
  "2": {
    "precision": 0.5466666666666666,
    "recall": 0.1825252942076685,
    "fscore": 0.2574842997231477,
    "map": 0.17374992987090065,
    "ndcg": 0.4768006574503103,
    "mrr": 0.7
  },
  "3": {
    "precision": 0.48,
    "recall": 0.22787991880287173,
    "fscore": 0.2876357825714151,
    "map": 0.21054789232271293,
    "ndcg": 0.4542853105515574,
    "mrr": 0.7148148148148149
  },
  "4": {
    "precision": 0.42333333333333334,
    "recall": 0.26252530559998266,
    "fscore": 0.300176197310148,
    "map": 0.23412834835029536,
    "ndcg": 0.4410885628454735,
    "mrr": 0.7214814814814815
  },
  "5": {
    "precision": 0.38755555555555554,
    "recall": 0.294312121448202,
    "fscore": 0.30915144302078384,
    "map": 0.25188902211447795,
    "ndcg": 0.4358844145932924,
    "mrr": 0.7277037037037036
  },
  "6": {
    "precision": 0.36444444444444446,
    "recall": 0.3244040251871646,
    "fscore": 0.31744445172817265,
    "map": 0.2681029418185937,
    "ndcg": 0.4394572050767784,
    "mrr": 0.7321481481481481
  },
  "7": {
    "precision": 0.3365079365079365,
    "recall": 0.3461883602316861,
    "fscore": 0.3152408943166274,
    "map": 0.2785025178668477,
    "ndcg": 0.44143855135905474,
    "mrr": 0.7353227513227513
  },
  "8": {
    "precision": 0.3188888888888889,
    "recall": 0.36874355642867795,
    "fscore": 0.3163108482351958,
    "map": 0.28902301506544087,
    "ndcg": 0.44783389242693866,
    "mrr": 0.7353227513227513
  },
  "9": {
    "precision": 0.29975308641975307,
    "recall": 0.38748453282137846,
    "fscore": 0.312657551633121,
    "map": 0.2961490875313601,
    "ndcg": 0.4519271752567902,
    "mrr": 0.7368042328042328
  },
  "10": {
    "precision": 0.27955555555555556,
    "recall": 0.3990250003422382,
    "fscore": 0.30395746734029294,
    "map": 0.3001954764365725,
    "ndcg": 0.4533742833279744,
    "mrr": 0.7372486772486773
  }
}