{"precision@10":0.3186666666666666,"recall@10":0.4587354137345098,"mrr":0.7850864197530865,"mrr@10":0.7850864197530865,"_timestamp":1.7774828296856008e+09,"recall":0.4587354137345098,"precision":0.3186666666666666,"k":10,"_runtime":12,"ndcg":0.5179214804085462,"map":0.38372331051762265,"_step":10,"ndcg@10":0.5179214804085462,"_wandb":{"runtime":12},"map@10":0.38372331051762265}