{
  "source": "pretrained",
  "source_label": "pretrained:glove-wiki-gigaword-100",
  "metrics_by_k": {
    "precision": [
      0.28,
      0.20444444444444446,
      0.17925925925925926,
      0.16333333333333333,
      0.1493333333333332,
      0.14074074074074083,
      0.13269841269841257,
      0.1238888888888889,
      0.11506172839506153,
      0.10844444444444444
    ],
    "recall": [
      0.04416105014610759,
      0.06196401878240956,
      0.07796624133635625,
      0.09538604403595327,
      0.1097572962405388,
      0.12178286943277865,
      0.13300057148381403,
      0.14028882027206285,
      0.1456999153498246,
      0.1525131268297028
    ],
    "fscore": [
      0.0736616286667886,
      0.09048998946953823,
      0.10235526581987808,
      0.11286319053106644,
      0.11807009456744276,
      0.12153646216712591,
      0.12338497280966454,
      0.12217374982402637,
      0.11961694664786265,
      0.11810078824738388
    ],
    "map": [
      0.04416105014610759,
      0.05806195788034867,
      0.06797063321239565,
      0.07535393181650495,
      0.08062959319216631,
      0.08561857026447674,
      0.08891000898448687,
      0.09105817177848302,
      0.09258321052574402,
      0.09407197114783795
    ],
    "ndcg": [
      0.22111111111111112,
      0.18346064376504836,
      0.17395504844285115,
      0.17166406631858577,
      0.17051762778965773,
      0.17299415606072033,
      0.17582863340028854,
      0.17791635435247602,
      0.17879737918763955,
      0.17990472146308842
    ],
    "mrr": [
      0.28,
      0.3111111111111111,
      0.3288888888888889,
      0.34333333333333327,
      0.35222222222222227,
      0.35666666666666674,
      0.35984126984126985,
      0.3620634920634921,
      0.3635449735449736,
      0.3653227513227514
    ]
  },
  "k10": {
    "precision": 0.10844444444444444,
    "recall": 0.1525131268297028,
    "fscore": 0.11810078824738388,
    "map": 0.09407197114783795,
    "ndcg": 0.17990472146308842,
    "mrr": 0.3653227513227514
  },
  "runtime_seconds": 2.2995026111602783,
  "vector_size": 100,
  "present_in_model": 3206,
  "model_coverage": 0.4573466476462197,
  "avg_in_vocab_tokens_per_doc": 60.604285714285716,
  "avg_in_vocab_tokens_per_query": 6.222222222222222,
  "zero_vector_docs": 2,
  "zero_vector_queries": 0,
  "per_query": {
    "average_precision": [
      0.08333333333333333,
      0.0,
      0.0,
      0.6666666666666666,
      0.0,
      0.0,
      0.16666666666666666,
      0.16666666666666666,
      0.05,
      0.1111111111111111,
      0.125,
      0.0,
      0.06666666666666667,
      0.08333333333333333,
      0.0,
      0.041666666666666664,
      0.0,
      0.0,
      0.02,
      0.01111111111111111,
      0.1,
      0.0,
      0.0101010101010101,
      0.0,
      0.0,
      0.0,
      0.0625,
      0.0,
      0.125,
      0.0,
      0.0,
      0.14285714285714285,
      0.025,
      0.0,
      0.3214285714285714,
      0.0,
      0.0,
      0.0,
      0.0,
      0.0,
      0.41666666666666663,
      0.21428571428571427,
      0.0,
      0.0,
      0.0,
      0.10416666666666666,
      0.01111111111111111,
      0.041666666666666664,
      0.0,
      0.0,
      0.09090909090909091,
      0.11666666666666665,
      0.0,
      0.1,
      0.09545454545454546,
      0.09090909090909091,
      0.01111111111111111,
      0.03333333333333333,
      0.0,
      0.4583333333333333,
      0.0,
      0.0,
      0.0,
      0.0,
      0.2890625,
      0.16666666666666666,
      0.4,
      0.0,
      0.0,
      0.0,
      0.022222222222222223,
      0.006944444444444444,
      0.040740740740740744,
      0.0,
      0.16666666666666666,
      0.0,
      0.03571428571428571,
      0.0625,
      0.0,
      0.0,
      0.041666666666666664,
      0.16666666666666666,
      0.0,
      0.0,
      0.0,
      0.0,
      0.037037037037037035,
      0.21428571428571425,
      0.07142857142857142,
      0.01020408163265306,
      0.06666666666666667,
      0.0,
      0.5,
      0.22527472527472525,
      0.0,
      0.017857142857142856,
      0.0,
      0.16666666666666666,
      0.2,
      0.0,
      0.23809523809523808,
      0.4,
      0.0,
      0.041666666666666664,
      0.3333333333333333,
      0.16666666666666666,
      0.020833333333333332,
      0.0,
      0.0,
      0.025,
      0.36051587301587296,
      0.6666666666666666,
      0.0,
      0.0,
      0.0,
      0.041666666666666664,
      0.0,
      0.0,
      0.0,
      0.2,
      0.017857142857142856,
      0.09083333333333334,
      0.0,
      0.2,
      0.05555555555555555,
      0.14285714285714285,
      0.0,
      0.4666666666666666,
      0.015625,
      0.35000000000000003,
      0.8666666666666667,
      0.0125,
      0.0,
      0.0,
      0.587962962962963,
      0.0,
      0.0,
      0.06666666666666667,
      0.0,
      0.14285714285714285,
      0.014285714285714287,
      0.0,
      0.0,
      0.0642857142857143,
      0.175,
      0.047619047619047616,
      0.14718614718614717,
      0.29166666666666663,
      0.08333333333333333,
      0.0,
      0.0,
      0.0,
      0.0,
      0.4444444444444444,
      0.0,
      0.0,
      0.027380952380952377,
      0.1111111111111111,
      0.1111111111111111,
      0.16666666666666666,
      0.16428571428571428,
      0.0,
      0.25,
      0.0,
      0.21666666666666667,
      0.0,
      0.0,
      0.0,
      0.02222222222222222,
      0.0,
      0.1125,
      0.7333333333333333,
      0.42857142857142855,
      0.0,
      0.16666666666666666,
      0.10416666666666666,
      0.6666666666666666,
      0.11111111111111112,
      0.1,
      0.1607142857142857,
      0.16666666666666666,
      0.5555555555555555,
      0.0071428571428571435,
      0.26249999999999996,
      0.1595238095238095,
      0.0,
      0.028571428571428574,
      0.1111111111111111,
      0.01111111111111111,
      0.03333333333333333,
      0.31309523809523804,
      0.03333333333333333,
      0.16666666666666666,
      0.23809523809523808,
      0.25,
      0.0,
      0.0,
      0.2333333333333333,
      0.0,
      0.0,
      0.0,
      0.15079365079365079,
      0.04126984126984127,
      0.03333333333333333,
      0.0,
      0.05,
      0.0,
      0.2571428571428572,
      0.038461538461538464,
      0.07142857142857142,
      0.0,
      0.1511111111111111,
      0.02857142857142857,
      0.02857142857142857,
      0.0,
      0.0,
      0.02827380952380952,
      0.0625,
      0.013157894736842105,
      0.0225,
      0.0,
      0.05555555555555556,
      0.02,
      0.0,
      0.04
    ],