{"mrr":0.30975308641975313,"recall@10":0.168542500547084,"ndcg@10":0.17608153127081214,"recall":0.168542500547084,"mrr@10":0.30975308641975313,"map":0.101508471207413,"_runtime":1,"_timestamp":1.7774843015747018e+09,"_wandb":{"runtime":1},"_step":10,"precision":0.116,"ndcg":0.17608153127081214,"map@10":0.101508471207413,"precision@10":0.116,"k":10}