{"mrr":0.6772945326278659,"precision":0.2808888888888889,"_wandb":{"runtime":3},"map@10":0.3150795134514711,"_step":10,"_timestamp":1.7774835499667296e+09,"recall@10":0.4015075038686013,"map":0.3150795134514711,"ndcg@10":0.4423942215021743,"mrr@10":0.6772945326278659,"recall":0.4015075038686013,"precision@10":0.2808888888888889,"_runtime":3,"ndcg":0.4423942215021743,"k":10}