{"_wandb":{"runtime":7},"_runtime":7,"recall@10":0.2152734968902187,"ndcg@10":0.2493242405062142,"map":0.1539672594552224,"_step":10,"precision":0.14311111111111113,"_timestamp":1.777482507001565e+09,"ndcg":0.2493242405062142,"recall":0.2152734968902187,"precision@10":0.14311111111111113,"map@10":0.1539672594552224,"k":10,"mrr@10":0.4713121693121693,"mrr":0.4713121693121693}