{
  "baseline_tfidf": {
    "1": {
      "precision": 0.6488888888888888,
      "recall": 0.10972107893358737,
      "fscore": 0.18070727664404826,
      "map": 0.10972107893358737,
      "ndcg": 0.52,
      "mrr": 0.6488888888888888
    },
    "2": {
      "precision": 0.5511111111111111,
      "recall": 0.18437714605952035,
      "fscore": 0.26007689231574027,
      "map": 0.17523141135238215,
      "ndcg": 0.4800284381449147,
      "mrr": 0.7022222222222222
    },
    "3": {
      "precision": 0.48148148148148145,
      "recall": 0.22880055372350663,
      "fscore": 0.28870049563612815,
      "map": 0.21202584646733372,
      "ndcg": 0.45580839202268,
      "mrr": 0.7155555555555555
    },
    "4": {
      "precision": 0.4255555555555556,
      "recall": 0.2639327130073901,
      "fscore": 0.30175514467856906,
      "map": 0.23562746651608021,
      "ndcg": 0.4418899001072453,
      "mrr": 0.7233333333333334
    },
    "5": {
      "precision": 0.38755555555555554,
      "recall": 0.293312121448202,
      "fscore": 0.30864566122088444,
      "map": 0.2527066587987813,
      "ndcg": 0.4361326022805182,
      "mrr": 0.7286666666666666
    },
    "6": {
      "precision": 0.3637037037037037,
      "recall": 0.32399998478312414,
      "fscore": 0.3169215759111792,
      "map": 0.2684660330483516,
      "ndcg": 0.4397327466510792,
      "mrr": 0.7338518518518519
    },
    "7": {
      "precision": 0.3352380952380952,
      "recall": 0.3443028383461642,
      "fscore": 0.3138581782672447,
      "map": 0.2786539688849654,
      "ndcg": 0.44100791454700855,
      "mrr": 0.7363915343915344
    },
    "8": {
      "precision": 0.32,
      "recall": 0.37048958817470967,
      "fscore": 0.31764418156852914,
      "map": 0.29048098364007613,
      "ndcg": 0.4491993242623141,
      "mrr": 0.7363915343915344
    },
    "9": {
      "precision": 0.3002469135802469,
      "recall": 0.3874123827492284,
      "fscore": 0.3129737909493603,
      "map": 0.2970907822563882,
      "ndcg": 0.45259117446128516,
      "mrr": 0.7378730158730159
    },
    "10": {
      "precision": 0.2813333333333333,
      "recall": 0.4004766597938976,
      "fscore": 0.30591327188433276,
      "map": 0.3023784410028705,
      "ndcg": 0.454638732617823,
      "mrr": 0.7378730158730159
    }
  },
  "embedding_lsa": {
    "1": {
      "precision": 0.6488888888888888,
      "recall": 0.1122344174469259,
      "fscore": 0.18388454382131547,
      "map": 0.1122344174469259,
      "ndcg": 0.5155555555555555,
      "mrr": 0.6488888888888888
    },
    "2": {
      "precision": 0.54,
      "recall": 0.18066527378624456,
      "fscore": 0.25458896920036617,
      "map": 0.1734116859186216,
      "ndcg": 0.47018510133804986,
      "mrr": 0.6977777777777778
    },
    "3": {
      "precision": 0.47851851851851845,
      "recall": 0.2283133495696358,
      "fscore": 0.28770733279754807,
      "map": 0.21021917512265068,
      "ndcg": 0.4515639857744853,
      "mrr": 0.7185185185185184
    },
    "4": {
      "precision": 0.43,
      "recall": 0.2645039913067385,
      "fscore": 0.30334544091110516,
      "map": 0.23538541249040043,
      "ndcg": 0.44066875417536755,
      "mrr": 0.724074074074074
    },
    "5": {
      "precision": 0.38666666666666666,
      "recall": 0.2922029343390149,
      "fscore": 0.3079417557676184,
      "map": 0.25168719959218755,
      "ndcg": 0.43324589481940257,
      "mrr": 0.7302962962962963
    },
    "6": {
      "precision": 0.36,
      "recall": 0.3205195454693515,
      "fscore": 0.31375940837646266,
      "map": 0.2660945482952879,
      "ndcg": 0.4371607855467049,
      "mrr": 0.7362222222222222
    },
    "7": {
      "precision": 0.3352380952380952,
      "recall": 0.3431115689268246,
      "fscore": 0.3137292700699308,
      "map": 0.2782692385359493,
      "ndcg": 0.43882658545730396,
      "mrr": 0.7368571428571429
    },
    "8": {
      "precision": 0.31333333333333335,
      "recall": 0.36353260526158643,
      "fscore": 0.311471350438314,
      "map": 0.28740417333608026,
      "ndcg": 0.44212631150325155,
      "mrr": 0.7374126984126984
    },
    "9": {
      "precision": 0.29234567901234565,
      "recall": 0.37873419950497633,
      "fscore": 0.30568670116260316,
      "map": 0.2936868906166762,
      "ndcg": 0.4446834807500333,
      "mrr": 0.7384003527336861
    },
    "10": {
      "precision": 0.27555555555555555,
      "recall": 0.39273950777695127,
      "fscore": 0.3001279582824165,
      "map": 0.2986060507158363,
      "ndcg": 0.4481743672614097,
      "mrr": 0.7384003527336861
    }
  }
}