{
  "lsa_components_requested": 250,
  "lsa_components_used": 250,
  "explained_variance_ratio_sum": 0.5534389019012451,
  "vectorizer": {
    "sublinear_tf": true,
    "max_df": 0.95,
    "min_df": 2,
    "norm": "l2",
    "ngram_range": [
      1,
      1
    ],
    "vocab_size": 3406
  },
  "precision": [
    0.7288888888888889,
    0.6155555555555555,
    0.5437037037037036,
    0.48777777777777775,
    0.4462222222222225,
    0.41185185185185175,
    0.38412698412698465,
    0.35833333333333334,
    0.3402469135802472,
    0.3226666666666666
  ],
  "recall": [
    0.12527053337777855,
    0.19938444293752997,
    0.2613717198706489,
    0.3059987354113898,
    0.34215221593032014,
    0.3710882616461601,
    0.3991493011875917,
    0.4198819859816798,
    0.4446254711716262,
    0.46414225324013253
  ],
  "fscore": [
    0.20503311130321625,
    0.28338009791084384,
    0.32901130198576883,
    0.34882793333106776,
    0.3584725958370146,
    0.36096054844942016,
    0.3620637622641889,
    0.3578229149954151,
    0.35715942047447646,
    0.3527356222130888
  ],
  "map": [
    0.12527053337777855,
    0.19396549151857856,
    0.24563629110188678,
    0.2775865824409035,
    0.303475638855653,
    0.3205515482348997,
    0.3354341721987562,
    0.3466519615568965,
    0.3574816451637529,
    0.36651432229930364
  ],
  "ndcg": [
    0.5766666666666667,
    0.5367740620903836,
    0.5163818839372272,
    0.5055634160936936,
    0.501675057249666,
    0.5007374221472227,
    0.5059430750995477,
    0.5074092421249441,
    0.5127008278175064,
    0.5169476396210516
  ],
  "mrr": [
    0.7288888888888889,
    0.7688888888888888,
    0.7837037037037036,
    0.7848148148148147,
    0.7857037037037038,
    0.7894074074074074,
    0.7925820105820105,
    0.7936931216931217,
    0.7951746031746032,
    0.7951746031746032
  ]
}