{"_wandb":{"runtime":1},"precision@10":0.14844444444444446,"ndcg@10":0.25921039927911754,"mrr":0.4917072310405644,"map@10":0.16024193541614176,"mrr@10":0.4917072310405644,"ndcg":0.25921039927911754,"k":10,"_runtime":1,"_timestamp":1.7774842450691557e+09,"_step":10,"map":0.16024193541614176,"recall@10":0.22258986038759357,"recall":0.22258986038759357,"precision":0.14844444444444446}