{"k":10,"precision":0.31199999999999994,"recall@10":0.4503710828087754,"mrr@10":0.719268077601411,"ndcg":0.4999341685256499,"precision@10":0.31199999999999994,"_wandb":{"runtime":3},"map@10":0.37603826040704347,"_step":10,"_timestamp":1.7774833947793784e+09,"recall":0.4503710828087754,"ndcg@10":0.4999341685256499,"_runtime":3,"map":0.37603826040704347,"mrr":0.719268077601411}