{"recall":0.17439861293640876,"recall@10":0.17439861293640876,"ndcg":0.18834676819673865,"precision":0.12666666666666668,"precision@10":0.12666666666666668,"mrr@10":0.28896649029982363,"_step":10,"_wandb":{"runtime":3},"_runtime":3,"map@10":0.12974163237311384,"k":10,"map":0.12974163237311384,"_timestamp":1.7774836295681856e+09,"mrr":0.28896649029982363,"ndcg@10":0.18834676819673865}