{
  "baseline_tfidf": {
    "1": {
      "precision": 0.6488888888888888,
      "recall": 0.10972107893358737,
      "fscore": 0.18070727664404826,
      "map": 0.10972107893358737,
      "ndcg": 0.52,
      "mrr": 0.6488888888888888
    },
    "2": {
      "precision": 0.5511111111111111,
      "recall": 0.18437714605952035,
      "fscore": 0.26007689231574027,
      "map": 0.17523141135238215,
      "ndcg": 0.4800284381449147,
      "mrr": 0.7022222222222222
    },
    "3": {
      "precision": 0.48148148148148145,
      "recall": 0.22880055372350663,
      "fscore": 0.28870049563612815,
      "map": 0.21202584646733372,
      "ndcg": 0.45580839202268,
      "mrr": 0.7155555555555555
    },
    "4": {
      "precision": 0.4255555555555556,
      "recall": 0.2639327130073901,
      "fscore": 0.30175514467856906,
      "map": 0.23562746651608021,
      "ndcg": 0.4418899001072453,
      "mrr": 0.7233333333333334
    },
    "5": {
      "precision": 0.38755555555555554,
      "recall": 0.293312121448202,
      "fscore": 0.30864566122088444,
      "map": 0.2527066587987813,
      "ndcg": 0.4361326022805182,
      "mrr": 0.7286666666666666
    },
    "6": {
      "precision": 0.3637037037037037,
      "recall": 0.32399998478312414,
      "fscore": 0.3169215759111792,
      "map": 0.2684660330483516,
      "ndcg": 0.4397327466510792,
      "mrr": 0.7338518518518519
    },
    "7": {
      "precision": 0.3352380952380952,
      "recall": 0.3443028383461642,
      "fscore": 0.3138581782672447,
      "map": 0.2786539688849654,
      "ndcg": 0.44100791454700855,
      "mrr": 0.7363915343915344
    },
    "8": {
      "precision": 0.32,
      "recall": 0.37048958817470967,
      "fscore": 0.31764418156852914,
      "map": 0.29048098364007613,
      "ndcg": 0.4491993242623141,
      "mrr": 0.7363915343915344
    },
    "9": {
      "precision": 0.3002469135802469,
      "recall": 0.3874123827492284,
      "fscore": 0.3129737909493603,
      "map": 0.2970907822563882,
      "ndcg": 0.45259117446128516,
      "mrr": 0.7378730158730159
    },
    "10": {
      "precision": 0.2813333333333333,
      "recall": 0.4004766597938976,
      "fscore": 0.30591327188433276,
      "map": 0.3023784410028705,
      "ndcg": 0.454638732617823,
      "mrr": 0.7378730158730159
    }
  },
  "wordnet": {
    "1": {
      "precision": 0.6622222222222223,
      "recall": 0.11243712831630344,
      "fscore": 0.18508822902500066,
      "map": 0.11243712831630344,
      "ndcg": 0.5266666666666666,
      "mrr": 0.6622222222222223
    },
    "2": {
      "precision": 0.5533333333333333,
      "recall": 0.18526603494840924,
      "fscore": 0.2613467335855815,
      "map": 0.17671642017072428,
      "ndcg": 0.4849787314298407,
      "mrr": 0.7133333333333334
    },
    "3": {
      "precision": 0.48740740740740734,
      "recall": 0.23140698432993723,
      "fscore": 0.29224370551267137,
      "map": 0.21481922592737984,
      "ndcg": 0.4606489282459065,
      "mrr": 0.7266666666666667
    },
    "4": {
      "precision": 0.4311111111111111,
      "recall": 0.2643535799896605,
      "fscore": 0.30380852689823656,
      "map": 0.23820054451021083,
      "ndcg": 0.4455674024827663,
      "mrr": 0.7322222222222222
    },
    "5": {
      "precision": 0.39377777777777784,
      "recall": 0.29723563393311797,
      "fscore": 0.3132633903327312,
      "map": 0.2566721066063343,
      "ndcg": 0.44111538336724176,
      "mrr": 0.7393333333333333
    },
    "6": {
      "precision": 0.3681481481481481,
      "recall": 0.3275981004426433,
      "fscore": 0.32072205691166017,
      "map": 0.2721647260058165,
      "ndcg": 0.4455670859295954,
      "mrr": 0.743037037037037
    },
    "7": {
      "precision": 0.3403174603174603,
      "recall": 0.3505841041888335,
      "fscore": 0.31899438773678745,
      "map": 0.2831059323814151,
      "ndcg": 0.4479657943744804,
      "mrr": 0.7462116402116402
    },
    "8": {
      "precision": 0.32055555555555554,
      "recall": 0.3723555493740042,
      "fscore": 0.31840718037074367,
      "map": 0.2937915243130855,
      "ndcg": 0.45311461001929243,
      "mrr": 0.7462116402116402
    },
    "9": {
      "precision": 0.30123456790123454,
      "recall": 0.3901976301815347,
      "fscore": 0.3142816723174412,
      "map": 0.300987045284183,
      "ndcg": 0.4569860209989051,
      "mrr": 0.7471992945326278
    },
    "10": {
      "precision": 0.2817777777777778,
      "recall": 0.4028402159907871,
      "fscore": 0.3069297002266545,
      "map": 0.305835993866465,
      "ndcg": 0.4587572838726358,
      "mrr": 0.7476437389770724
    }
  },
  "embedding_tfidf": {
    "1": {
      "precision": 0.6622222222222223,
      "recall": 0.11372759483484013,
      "fscore": 0.18684750678427842,
      "map": 0.11372759483484013,
      "ndcg": 0.5177777777777778,
      "mrr": 0.6622222222222223
    },
    "2": {
      "precision": 0.5466666666666666,
      "recall": 0.18236127304364733,
      "fscore": 0.25702398226283024,
      "map": 0.17540398147232067,
      "ndcg": 0.47815716473508596,
      "mrr": 0.7088888888888889
    },
    "3": {
      "precision": 0.47407407407407404,
      "recall": 0.226474114730401,
      "fscore": 0.28516581680733166,
      "map": 0.21156862662414896,
      "ndcg": 0.45256404210369994,
      "mrr": 0.7222222222222222
    },
    "4": {
      "precision": 0.4266666666666667,
      "recall": 0.26290632970907696,
      "fscore": 0.3013757497987928,
      "map": 0.23790182203385676,
      "ndcg": 0.44021254568555557,
      "mrr": 0.7266666666666667
    },
    "5": {
      "precision": 0.3884444444444445,
      "recall": 0.29256256236530964,
      "fscore": 0.30905293725134886,
      "map": 0.253756279921648,
      "ndcg": 0.4343290313278695,
      "mrr": 0.7346666666666667
    },
    "6": {
      "precision": 0.3637037037037037,
      "recall": 0.3248955768453829,
      "fscore": 0.31728399035718496,
      "map": 0.2697232336287978,
      "ndcg": 0.440018789442769,
      "mrr": 0.7398518518518519
    },
    "7": {
      "precision": 0.3384126984126984,
      "recall": 0.34922477320143236,
      "fscore": 0.317624905294756,
      "map": 0.2831332702922743,
      "ndcg": 0.4429028217606411,
      "mrr": 0.7411216931216931
    },
    "8": {
      "precision": 0.31555555555555553,
      "recall": 0.3669455357359204,
      "fscore": 0.3138321948710538,
      "map": 0.29104724302977647,
      "ndcg": 0.44545932942214744,
      "mrr": 0.7427883597883598
    },
    "9": {
      "precision": 0.2982716049382716,
      "recall": 0.3861047561939238,
      "fscore": 0.3110914738723536,
      "map": 0.29919893765857275,
      "ndcg": 0.45051444258640294,
      "mrr": 0.7437760141093475
    },
    "10": {
      "precision": 0.2773333333333333,
      "recall": 0.3946142158700502,
      "fscore": 0.3013938813036229,
      "map": 0.3028591749521434,
      "ndcg": 0.45061730848129494,
      "mrr": 0.7437760141093475
    }
  },
  "embedding_lsa": {
    "1": {
      "precision": 0.6444444444444445,
      "recall": 0.11020081886160317,
      "fscore": 0.18126020519697683,
      "map": 0.11020081886160317,
      "ndcg": 0.5122222222222222,
      "mrr": 0.6444444444444445
    },
    "2": {
      "precision": 0.5466666666666666,
      "recall": 0.18410266355696767,
      "fscore": 0.2592235691682995,
      "map": 0.1759865973843377,
      "ndcg": 0.47599081876498545,
      "mrr": 0.6933333333333334
    },
    "3": {
      "precision": 0.47851851851851845,
      "recall": 0.2277101749664612,
      "fscore": 0.28709186098827777,
      "map": 0.21072412774063012,
      "ndcg": 0.45341873595176024,
      "mrr": 0.7140740740740741
    },
    "4": {
      "precision": 0.43555555555555553,
      "recall": 0.2680220103247576,
      "fscore": 0.30745942700527695,
      "map": 0.23713136484937963,
      "ndcg": 0.4454727948122467,
      "mrr": 0.724074074074074
    },
    "5": {
      "precision": 0.39377777777777784,
      "recall": 0.29923847904122625,