{
  "baseline_tfidf": {
    "1": {
      "precision": 0.6488888888888888,
      "recall": 0.10972107893358737,
      "fscore": 0.18070727664404826,
      "map": 0.10972107893358737,
      "ndcg": 0.52,
      "mrr": 0.6488888888888888
    },
    "2": {
      "precision": 0.5511111111111111,
      "recall": 0.18437714605952035,
      "fscore": 0.26007689231574027,
      "map": 0.17523141135238215,
      "ndcg": 0.4800284381449147,
      "mrr": 0.7022222222222222
    },
    "3": {
      "precision": 0.48148148148148145,
      "recall": 0.22880055372350663,
      "fscore": 0.28870049563612815,
      "map": 0.21202584646733372,
      "ndcg": 0.45580839202268,
      "mrr": 0.7155555555555555
    },
    "4": {
      "precision": 0.4255555555555556,
      "recall": 0.2639327130073901,
      "fscore": 0.30175514467856906,
      "map": 0.23562746651608021,
      "ndcg": 0.4418899001072453,
      "mrr": 0.7233333333333334
    },
    "5": {
      "precision": 0.38755555555555554,
      "recall": 0.293312121448202,
      "fscore": 0.30864566122088444,
      "map": 0.2527066587987813,
      "ndcg": 0.4361326022805182,
      "mrr": 0.7286666666666666
    },
    "6": {
      "precision": 0.3637037037037037,
      "recall": 0.32399998478312414,
      "fscore": 0.3169215759111792,
      "map": 0.2684660330483516,
      "ndcg": 0.4397327466510792,
      "mrr": 0.7338518518518519
    },
    "7": {
      "precision": 0.3352380952380952,
      "recall": 0.3443028383461642,
      "fscore": 0.3138581782672447,
      "map": 0.2786539688849654,
      "ndcg": 0.44100791454700855,
      "mrr": 0.7363915343915344
    },
    "8": {
      "precision": 0.32,
      "recall": 0.37048958817470967,
      "fscore": 0.31764418156852914,
      "map": 0.29048098364007613,
      "ndcg": 0.4491993242623141,
      "mrr": 0.7363915343915344
    },
    "9": {
      "precision": 0.3002469135802469,
      "recall": 0.3874123827492284,
      "fscore": 0.3129737909493603,
      "map": 0.2970907822563882,
      "ndcg": 0.45259117446128516,
      "mrr": 0.7378730158730159
    },
    "10": {
      "precision": 0.2813333333333333,
      "recall": 0.4004766597938976,
      "fscore": 0.30591327188433276,
      "map": 0.3023784410028705,
      "ndcg": 0.454638732617823,
      "mrr": 0.7378730158730159
    }
  },
  "wordnet": {
    "1": {
      "precision": 0.6666666666666666,
      "recall": 0.11332601720519232,
      "fscore": 0.18656971050648213,
      "map": 0.11332601720519232,
      "ndcg": 0.5311111111111111,
      "mrr": 0.6666666666666666
    },
    "2": {
      "precision": 0.5533333333333333,
      "recall": 0.18477926246163676,
      "fscore": 0.26078235968787433,
      "map": 0.17691747837178248,
      "ndcg": 0.48580039716422296,
      "mrr": 0.7155555555555555
    },
    "3": {
      "precision": 0.48444444444444446,
      "recall": 0.23043018335313625,
      "fscore": 0.2907992610682269,
      "map": 0.2140364284779157,
      "ndcg": 0.4606747319152641,
      "mrr": 0.7288888888888889
    },
    "4": {
      "precision": 0.4311111111111111,
      "recall": 0.2648551115964553,
      "fscore": 0.3042630026425674,
      "map": 0.23886908909103613,
      "ndcg": 0.4462477006702865,
      "mrr": 0.7344444444444445
    },
    "5": {
      "precision": 0.39644444444444443,
      "recall": 0.29915626885375296,
      "fscore": 0.3154262557897143,
      "map": 0.25751063169398225,
      "ndcg": 0.4438726463263591,
      "mrr": 0.7433333333333333
    },
    "6": {
      "precision": 0.37037037037037035,
      "recall": 0.3299823088268517,
      "fscore": 0.3229477279268049,
      "map": 0.2734045534947667,
      "ndcg": 0.4474093923757653,
      "mrr": 0.747037037037037
    },
    "7": {
      "precision": 0.3422222222222222,
      "recall": 0.3531396597443891,
      "fscore": 0.3211358018782016,
      "map": 0.2843834946223859,
      "ndcg": 0.4501996435768456,
      "mrr": 0.7495767195767196
    },
    "8": {
      "precision": 0.32222222222222224,
      "recall": 0.37457229814247717,
      "fscore": 0.32006432469455465,
      "map": 0.2948970148518121,
      "ndcg": 0.4556894928511594,
      "mrr": 0.7495767195767196
    },
    "9": {
      "precision": 0.30419753086419754,
      "recall": 0.39406888238612015,
      "fscore": 0.317511779174999,
      "map": 0.30250847100640554,
      "ndcg": 0.4601375321371333,
      "mrr": 0.7510582010582011
    },
    "10": {
      "precision": 0.2817777777777778,
      "recall": 0.40345926360983475,
      "fscore": 0.3071185164939021,
      "map": 0.3061778781424793,
      "ndcg": 0.46024088572306343,
      "mrr": 0.7510582010582011
    }
  },
  "embedding_tfidf": {
    "1": {
      "precision": 0.6533333333333333,
      "recall": 0.11420074741325587,
      "fscore": 0.18684750678427842,
      "map": 0.11420074741325587,
      "ndcg": 0.5188888888888888,
      "mrr": 0.6533333333333333
    },
    "2": {
      "precision": 0.5422222222222223,
      "recall": 0.18246421558518636,
      "fscore": 0.256813785052633,
      "map": 0.17690102374129277,
      "ndcg": 0.4773139733519399,
      "mrr": 0.6977777777777778
    },
    "3": {
      "precision": 0.46962962962962956,
      "recall": 0.22610792146947087,
      "fscore": 0.28413613493223255,
      "map": 0.2130991785932974,
      "ndcg": 0.4488839251033394,
      "mrr": 0.7111111111111111
    },
    "4": {
      "precision": 0.4255555555555556,
      "recall": 0.2637417334216736,
      "fscore": 0.3017782081627982,
      "map": 0.23803535914327106,
      "ndcg": 0.44069846780451744,
      "mrr": 0.7211111111111111
    },
    "5": {
      "precision": 0.38755555555555554,
      "recall": 0.2926001381748152,
      "fscore": 0.30885206405047566,
      "map": 0.2555425555206429,
      "ndcg": 0.4337198872424839,
      "mrr": 0.7273333333333334
    },
    "6": {
      "precision": 0.36074074074074075,
      "recall": 0.3220340499420603,
      "fscore": 0.31543605077041104,
      "map": 0.2701193717085702,
      "ndcg": 0.43767938025225084,
      "mrr": 0.7310370370370369
    },
    "7": {
      "precision": 0.3326984126984127,
      "recall": 0.343783248323375,
      "fscore": 0.31305789344365215,
      "map": 0.28169588314909205,
      "ndcg": 0.43877038083143977,
      "mrr": 0.7323068783068784
    },
    "8": {
      "precision": 0.31,
      "recall": 0.3642909500395391,
      "fscore": 0.3101696706919176,
      "map": 0.29025176222586896,
      "ndcg": 0.4428666296492386,
      "mrr": 0.7350846560846561
    },
    "9": {
      "precision": 0.29333333333333333,
      "recall": 0.38237638324716006,
      "fscore": 0.3077838639766195,
      "map": 0.2977875773563063,
      "ndcg": 0.4478739029075232,
      "mrr": 0.7360723104056438
    },
    "10": {
      "precision": 0.2791111111111111,
      "recall": 0.39853879746129844,
      "fscore": 0.30447288631114744,
      "map": 0.30370649305108405,
      "ndcg": 0.45249413307299075,
      "mrr": 0.7360723104056438
    }
  },
  "embedding_lsa": {
    "1": {
      "precision": 0.6488888888888888,
      "recall": 0.11287639275556786,
      "fscore": 0.184898189045487,
      "map": 0.11287639275556786,
      "ndcg": 0.51,
      "mrr": 0.6488888888888888
    },
    "2": {
      "precision": 0.5422222222222223,
      "recall": 0.18192656804753884,
      "fscore": 0.25635263763070126,
      "map": 0.1754426857829548,
      "ndcg": 0.4708186751361101,
      "mrr": 0.6933333333333334
    },
    "3": {
      "precision": 0.47259259259259256,
      "recall": 0.22674066345515403,
      "fscore": 0.28540766949788476,
      "map": 0.20989385390104462,
      "ndcg": 0.44864151363509097,
      "mrr": 0.7140740740740741
    },
    "4": {
      "precision": 0.4288888888888889,
      "recall": 0.26429150853285227,
      "fscore": 0.30316535006008505,
      "map": 0.23590479068702325,
      "ndcg": 0.4382854611138481,
      "mrr": 0.7207407407407407
    },
    "5": {
      "precision": 0.39555555555555555,
      "recall": 0.2989973066333872,
      "fscore": 0.31490441505734723,