method,precision@10,recall@10,fscore@10,map@10,ndcg@10,mrr@10
baseline_tfidf,0.2813333333333333,0.4004766597938976,0.30591327188433276,0.3023784410028705,0.454638732617823,0.7378730158730159
wordnet,0.2817777777777778,0.4028402159907871,0.3069297002266545,0.305835993866465,0.4587572838726358,0.7476437389770724
embedding_tfidf,0.2773333333333333,0.3946142158700502,0.3013938813036229,0.3028591749521434,0.45061730848129494,0.7437760141093475
embedding_lsa,0.28,0.4001938127312562,0.3052203956466805,0.30307807878671833,0.45399337123039646,0.7358430335097002
embedding_esa,0.27644444444444444,0.393437096692931,0.3005329833584331,0.3029696164035414,0.4501304935345661,0.7434409171075838
embedding_word2vec,0.2822222222222222,0.40253352013236715,0.30717699705702667,0.30610010455533276,0.45603313820240315,0.7367548500881834
