method,precision@10,recall@10,fscore@10,map@10,ndcg@10,mrr@10
embedding_tfidf,0.264,0.3836390179483913,0.29008223958161855,0.2710965075966682,0.41512400056041904,0.6768765432098766
