method,precision@10,recall@10,fscore@10,map@10,ndcg@10,mrr@10
baseline_tfidf,0.2813333333333333,0.4004766597938976,0.30591327188433276,0.3023784410028705,0.454638732617823,0.7378730158730159
wordnet,0.2817777777777778,0.40331111546168663,0.3070814794568651,0.30593844189854263,0.4596180624937062,0.7505643738977072
embedding_tfidf,0.28044444444444444,0.39990671349588114,0.30538673431890156,0.30256368298114567,0.45122000910952126,0.7402804232804232
embedding_lsa,0.2782222222222222,0.39705255892333574,0.30306886661156013,0.302253016585505,0.45204468224864053,0.7441199294532629
embedding_esa,0.28,0.39933881226131324,0.3049451606878542,0.3032016032391037,0.45234255187840655,0.7419347442680776
embedding_word2vec,0.27955555555555556,0.40036347278597373,0.3050820720579144,0.30425532153933293,0.45501679476657186,0.7405467372134039
