{
  "baseline_tfidf": {
    "1": {
      "precision": 0.6488888888888888,
      "recall": 0.10972107893358737,
      "fscore": 0.18070727664404826,
      "map": 0.10972107893358737,
      "ndcg": 0.52,
      "mrr": 0.6488888888888888
    },
    "2": {
      "precision": 0.5511111111111111,
      "recall": 0.18437714605952035,
      "fscore": 0.26007689231574027,
      "map": 0.17523141135238215,
      "ndcg": 0.4800284381449147,
      "mrr": 0.7022222222222222
    },
    "3": {
      "precision": 0.48148148148148145,
      "recall": 0.22880055372350663,
      "fscore": 0.28870049563612815,
      "map": 0.21202584646733372,
      "ndcg": 0.45580839202268,
      "mrr": 0.7155555555555555
    },
    "4": {
      "precision": 0.4255555555555556,
      "recall": 0.2639327130073901,
      "fscore": 0.30175514467856906,
      "map": 0.23562746651608021,
      "ndcg": 0.4418899001072453,
      "mrr": 0.7233333333333334
    },
    "5": {
      "precision": 0.38755555555555554,
      "recall": 0.293312121448202,
      "fscore": 0.30864566122088444,
      "map": 0.2527066587987813,
      "ndcg": 0.4361326022805182,
      "mrr": 0.7286666666666666
    },
    "6": {
      "precision": 0.3637037037037037,
      "recall": 0.32399998478312414,
      "fscore": 0.3169215759111792,
      "map": 0.2684660330483516,
      "ndcg": 0.4397327466510792,
      "mrr": 0.7338518518518519
    },
    "7": {
      "precision": 0.3352380952380952,
      "recall": 0.3443028383461642,
      "fscore": 0.3138581782672447,
      "map": 0.2786539688849654,
      "ndcg": 0.44100791454700855,
      "mrr": 0.7363915343915344
    },
    "8": {
      "precision": 0.32,
      "recall": 0.37048958817470967,
      "fscore": 0.31764418156852914,
      "map": 0.29048098364007613,
      "ndcg": 0.4491993242623141,
      "mrr": 0.7363915343915344
    },
    "9": {
      "precision": 0.3002469135802469,
      "recall": 0.3874123827492284,
      "fscore": 0.3129737909493603,
      "map": 0.2970907822563882,
      "ndcg": 0.45259117446128516,
      "mrr": 0.7378730158730159
    },
    "10": {
      "precision": 0.2813333333333333,
      "recall": 0.4004766597938976,
      "fscore": 0.30591327188433276,
      "map": 0.3023784410028705,
      "ndcg": 0.454638732617823,
      "mrr": 0.7378730158730159
    }
  },
  "wordnet": {
    "1": {
      "precision": 0.6622222222222223,
      "recall": 0.11243712831630344,
      "fscore": 0.18508822902500066,
      "map": 0.11243712831630344,
      "ndcg": 0.5266666666666666,
      "mrr": 0.6622222222222223
    },
    "2": {
      "precision": 0.5555555555555556,
      "recall": 0.18615492383729812,
      "fscore": 0.2626165748554228,
      "map": 0.17716086461516875,
      "ndcg": 0.48669807723977193,
      "mrr": 0.7155555555555555
    },
    "3": {
      "precision": 0.4888888888888889,
      "recall": 0.23229587321882614,
      "fscore": 0.2933548166237825,
      "map": 0.21526367037182428,
      "ndcg": 0.4619648478501992,
      "mrr": 0.7288888888888889
    },
    "4": {
      "precision": 0.43333333333333335,
      "recall": 0.26572395036003094,
      "fscore": 0.3054575568805999,
      "map": 0.23934869265835898,
      "ndcg": 0.4469597728667583,
      "mrr": 0.7344444444444445
    },
    "5": {
      "precision": 0.39644444444444443,
      "recall": 0.299235633933118,
      "fscore": 0.31548323584669435,
      "map": 0.257701736235964,
      "ndcg": 0.4431294864992086,
      "mrr": 0.7424444444444445
    },
    "6": {
      "precision": 0.36962962962962964,
      "recall": 0.32912516596970887,
      "fscore": 0.3221831591622361,
      "map": 0.27301012011787723,
      "ndcg": 0.446814288240458,
      "mrr": 0.7461481481481481
    },
    "7": {
      "precision": 0.3415873015873016,
      "recall": 0.35258410418883357,
      "fscore": 0.320543209285609,
      "map": 0.28410924265139204,
      "ndcg": 0.4494560564645515,
      "mrr": 0.7486878306878307
    },
    "8": {
      "precision": 0.3211111111111111,
      "recall": 0.37268359170204657,
      "fscore": 0.3189248355550655,
      "map": 0.2942234060116339,
      "ndcg": 0.45416855696058056,
      "mrr": 0.7486878306878307
    },
    "9": {
      "precision": 0.30320987654320986,
      "recall": 0.3923704696877075,
      "fscore": 0.31627461764371984,
      "map": 0.30212988132331536,
      "ndcg": 0.4589644834058774,
      "mrr": 0.7496754850088184
    },
    "10": {
      "precision": 0.2817777777777778,
      "recall": 0.40331111546168663,
      "fscore": 0.3070814794568651,
      "map": 0.30593844189854263,
      "ndcg": 0.4596180624937062,
      "mrr": 0.7505643738977072
    }
  },
  "embedding_tfidf": {
    "1": {
      "precision": 0.6577777777777778,
      "recall": 0.11261648372372901,
      "fscore": 0.18506972900650065,
      "map": 0.11261648372372901,
      "ndcg": 0.5133333333333333,
      "mrr": 0.6577777777777778
    },
    "2": {
      "precision": 0.5422222222222223,
      "recall": 0.18154998556569318,
      "fscore": 0.25566034589919384,
      "map": 0.1742840520190579,
      "ndcg": 0.47307024426024846,
      "mrr": 0.7044444444444444
    },
    "3": {
      "precision": 0.47259259259259256,
      "recall": 0.2255711164940694,
      "fscore": 0.2839678949035274,
      "map": 0.21085316513090968,
      "ndcg": 0.45017965800364784,
      "mrr": 0.7162962962962962
    },
    "4": {
      "precision": 0.4266666666666667,
      "recall": 0.26304581984856706,
      "fscore": 0.30126515344258237,
      "map": 0.23683132206057902,
      "ndcg": 0.43903787271447753,
      "mrr": 0.724074074074074
    },
    "5": {
      "precision": 0.38666666666666666,
      "recall": 0.2924408692436165,
      "fscore": 0.30826367712875546,
      "map": 0.2527624033249936,
      "ndcg": 0.4319396626831682,
      "mrr": 0.7311851851851853
    },
    "6": {
      "precision": 0.35629629629629633,
      "recall": 0.317495351798099,
      "fscore": 0.3106525241032931,
      "map": 0.26618449255263843,
      "ndcg": 0.4342822653913582,
      "mrr": 0.7341481481481482
    },
    "7": {
      "precision": 0.3326984126984127,
      "recall": 0.34354420627380666,
      "fscore": 0.31247770064755137,
      "map": 0.27892036872570797,
      "ndcg": 0.4376399343491225,
      "mrr": 0.7366878306878306
    },
    "8": {
      "precision": 0.31555555555555553,
      "recall": 0.36449812388850855,
      "fscore": 0.3126776901480285,
      "map": 0.2887928804369452,
      "ndcg": 0.4427885414151049,
      "mrr": 0.7383544973544973
    },
    "9": {
      "precision": 0.29975308641975307,
      "recall": 0.388207690296858,
      "fscore": 0.31283506019577184,
      "map": 0.2981115326623287,
      "ndcg": 0.4496396064840379,
      "mrr": 0.7398359788359788
    },
    "10": {
      "precision": 0.28044444444444444,
      "recall": 0.39990671349588114,
      "fscore": 0.30538673431890156,
      "map": 0.30256368298114567,
      "ndcg": 0.45122000910952126,
      "mrr": 0.7402804232804232
    }
  },
  "embedding_lsa": {
    "1": {
      "precision": 0.6577777777777778,
      "recall": 0.11134552855803702,
      "fscore": 0.18352860346537508,
      "map": 0.11134552855803702,
      "ndcg": 0.5133333333333333,
      "mrr": 0.6577777777777778
    },
    "2": {
      "precision": 0.5466666666666666,
      "recall": 0.18359963961534725,
      "fscore": 0.2585924965372268,
      "map": 0.17586299581729994,
      "ndcg": 0.4756126929289146,
      "mrr": 0.7022222222222222
    },
    "3": {
      "precision": 0.47703703703703704,
      "recall": 0.22793550954473696,
      "fscore": 0.28684847474489156,
      "map": 0.20971424533547114,
      "ndcg": 0.45211362649939923,
      "mrr": 0.7229629629629629
    },
    "4": {
      "precision": 0.4388888888888889,
      "recall": 0.2701323999351472,
      "fscore": 0.3097520525084288,
      "map": 0.23749492164118927,
      "ndcg": 0.44580524598447596,
      "mrr": 0.734074074074074
    },
    "5": {
      "precision": 0.39555555555555555,
      "recall": 0.2984754211115017,