method,precision@10,recall@10,fscore@10,map@10,ndcg@10,mrr@10
wordnet,0.26844444444444443,0.3897307693217519,0.29489212577917406,0.2887229862828701,0.4395035267071403,0.7171322751322752
embedding_tfidf,0.2644444444444444,0.38427393858331194,0.290605115398612,0.27113283916633313,0.41535369622578927,0.6771305114638447
embedding_lsa,0.26355555555555554,0.3827820661605402,0.289836745159698,0.2471047247496419,0.3842394280254134,0.5881710758377424
embedding_esa,0.2662222222222222,0.3857581765675499,0.29212768223848495,0.2696399136598361,0.41385625088391037,0.6675590828924163
embedding_word2vec,0.27155555555555555,0.3993209676388033,0.2995289021224282,0.2864596362902553,0.43180232842120875,0.6915467372134039
