{
  "embedding_tfidf": {
    "1": {
      "precision": 0.5733333333333334,
      "recall": 0.09998480855993755,
      "fscore": 0.16344416938094103,
      "map": 0.09998480855993755,
      "ndcg": 0.46111111111111114,
      "mrr": 0.5733333333333334
    },
    "2": {
      "precision": 0.4488888888888889,
      "recall": 0.14904692993052127,
      "fscore": 0.21017267819152327,
      "map": 0.14233762289768484,
      "ndcg": 0.4021856646119688,
      "mrr": 0.6222222222222222
    },
    "3": {
      "precision": 0.41037037037037033,
      "recall": 0.19983808769680803,
      "fscore": 0.25025573466896334,
      "map": 0.17830073773135346,
      "ndcg": 0.3927431348488486,
      "mrr": 0.645925925925926
    },
    "4": {
      "precision": 0.39111111111111113,
      "recall": 0.24737125519542516,
      "fscore": 0.2812052020163457,
      "map": 0.206792099150842,
      "ndcg": 0.3942184846548909,
      "mrr": 0.6637037037037038
    },
    "5": {
      "precision": 0.3626666666666667,
      "recall": 0.28068709984460316,
      "fscore": 0.29307827852505913,
      "map": 0.2258836224423653,
      "ndcg": 0.3963803889559319,
      "mrr": 0.6681481481481482
    },
    "6": {
      "precision": 0.32962962962962966,
      "recall": 0.3016959133384741,
      "fscore": 0.29096494772041465,
      "map": 0.23665151198860734,
      "ndcg": 0.39478829559870154,
      "mrr": 0.6688888888888889
    },
    "7": {
      "precision": 0.3092063492063492,
      "recall": 0.32528530979332015,
      "fscore": 0.2931251143604805,
      "map": 0.2476877791814958,
      "ndcg": 0.397798421811417,
      "mrr": 0.6733333333333333
    },
    "8": {
      "precision": 0.29555555555555557,
      "recall": 0.35123517502297974,
      "fscore": 0.29715149677190633,
      "map": 0.25842255226449934,
      "ndcg": 0.4059617105522186,
      "mrr": 0.675
    },
    "9": {
      "precision": 0.2765432098765432,
      "recall": 0.36494641186166754,
      "fscore": 0.29132590931662267,
      "map": 0.2643640634685378,
      "ndcg": 0.40863426813337606,
      "mrr": 0.6759876543209877
    },
    "10": {
      "precision": 0.264,
      "recall": 0.3836390179483913,
      "fscore": 0.29008223958161855,
      "map": 0.2710965075966682,
      "ndcg": 0.41512400056041904,
      "mrr": 0.6768765432098766
    }
  }
}