{
  "baseline_tfidf": {
    "1": {
      "precision": 0.6488888888888888,
      "recall": 0.10972107893358737,
      "fscore": 0.18070727664404826,
      "map": 0.10972107893358737,
      "ndcg": 0.52,
      "mrr": 0.6488888888888888
    },
    "2": {
      "precision": 0.5511111111111111,
      "recall": 0.18437714605952035,
      "fscore": 0.26007689231574027,
      "map": 0.17523141135238215,
      "ndcg": 0.4800284381449147,
      "mrr": 0.7022222222222222
    },
    "3": {
      "precision": 0.48148148148148145,
      "recall": 0.22880055372350663,
      "fscore": 0.28870049563612815,
      "map": 0.21202584646733372,
      "ndcg": 0.45580839202268,
      "mrr": 0.7155555555555555
    },
    "4": {
      "precision": 0.4255555555555556,
      "recall": 0.2639327130073901,
      "fscore": 0.30175514467856906,
      "map": 0.23562746651608021,
      "ndcg": 0.4418899001072453,
      "mrr": 0.7233333333333334
    },
    "5": {
      "precision": 0.38755555555555554,
      "recall": 0.293312121448202,
      "fscore": 0.30864566122088444,
      "map": 0.2527066587987813,
      "ndcg": 0.4361326022805182,
      "mrr": 0.7286666666666666
    },
    "6": {
      "precision": 0.3637037037037037,
      "recall": 0.32399998478312414,
      "fscore": 0.3169215759111792,
      "map": 0.2684660330483516,
      "ndcg": 0.4397327466510792,
      "mrr": 0.7338518518518519
    },
    "7": {
      "precision": 0.3352380952380952,
      "recall": 0.3443028383461642,
      "fscore": 0.3138581782672447,
      "map": 0.2786539688849654,
      "ndcg": 0.44100791454700855,
      "mrr": 0.7363915343915344
    },
    "8": {
      "precision": 0.32,
      "recall": 0.37048958817470967,
      "fscore": 0.31764418156852914,
      "map": 0.29048098364007613,
      "ndcg": 0.4491993242623141,
      "mrr": 0.7363915343915344
    },
    "9": {
      "precision": 0.3002469135802469,
      "recall": 0.3874123827492284,
      "fscore": 0.3129737909493603,
      "map": 0.2970907822563882,
      "ndcg": 0.45259117446128516,
      "mrr": 0.7378730158730159
    },
    "10": {
      "precision": 0.2813333333333333,
      "recall": 0.4004766597938976,
      "fscore": 0.30591327188433276,
      "map": 0.3023784410028705,
      "ndcg": 0.454638732617823,
      "mrr": 0.7378730158730159
    }
  },
  "wordnet": {
    "1": {
      "precision": 0.6488888888888888,
      "recall": 0.10972107893358737,
      "fscore": 0.18070727664404826,
      "map": 0.10972107893358737,
      "ndcg": 0.52,
      "mrr": 0.6488888888888888
    },
    "2": {
      "precision": 0.5511111111111111,
      "recall": 0.18437714605952035,
      "fscore": 0.26007689231574027,
      "map": 0.17523141135238215,
      "ndcg": 0.4800284381449147,
      "mrr": 0.7022222222222222
    },
    "3": {
      "precision": 0.48148148148148145,
      "recall": 0.22880055372350663,
      "fscore": 0.28870049563612815,
      "map": 0.21202584646733372,
      "ndcg": 0.45580839202268,
      "mrr": 0.7155555555555555
    },
    "4": {
      "precision": 0.4255555555555556,
      "recall": 0.2639327130073901,
      "fscore": 0.30175514467856906,
      "map": 0.23562746651608021,
      "ndcg": 0.4418899001072453,
      "mrr": 0.7233333333333334
    },
    "5": {
      "precision": 0.38755555555555554,
      "recall": 0.293312121448202,
      "fscore": 0.30864566122088444,
      "map": 0.2527066587987813,
      "ndcg": 0.4361326022805182,
      "mrr": 0.7286666666666666
    },
    "6": {
      "precision": 0.3637037037037037,
      "recall": 0.32399998478312414,
      "fscore": 0.3169215759111792,
      "map": 0.2684660330483516,
      "ndcg": 0.4397327466510792,
      "mrr": 0.7338518518518519
    },
    "7": {
      "precision": 0.3352380952380952,
      "recall": 0.3443028383461642,
      "fscore": 0.3138581782672447,
      "map": 0.2786539688849654,
      "ndcg": 0.44100791454700855,
      "mrr": 0.7363915343915344
    },
    "8": {
      "precision": 0.32,
      "recall": 0.37048958817470967,
      "fscore": 0.31764418156852914,
      "map": 0.29048098364007613,
      "ndcg": 0.4491993242623141,
      "mrr": 0.7363915343915344
    },
    "9": {
      "precision": 0.29975308641975307,
      "recall": 0.3869185555887346,
      "fscore": 0.31247996378886644,
      "map": 0.2969810428873895,
      "ndcg": 0.4523290434930502,
      "mrr": 0.7378730158730159
    },
    "10": {
      "precision": 0.2808888888888889,
      "recall": 0.39984173915897697,
      "fscore": 0.3053903960673393,
      "map": 0.3019230226215261,
      "ndcg": 0.45438141412834254,
      "mrr": 0.7378730158730159
    }
  },
  "embedding_tfidf": {
    "1": {
      "precision": 0.6488888888888888,
      "recall": 0.10972107893358737,
      "fscore": 0.18070727664404826,
      "map": 0.10972107893358737,
      "ndcg": 0.52,
      "mrr": 0.6488888888888888
    },
    "2": {
      "precision": 0.5511111111111111,
      "recall": 0.18437714605952035,
      "fscore": 0.26007689231574027,
      "map": 0.17523141135238215,
      "ndcg": 0.4800284381449147,
      "mrr": 0.7022222222222222
    },
    "3": {
      "precision": 0.48148148148148145,
      "recall": 0.22880055372350663,
      "fscore": 0.28870049563612815,
      "map": 0.21202584646733372,
      "ndcg": 0.45580839202268,
      "mrr": 0.7155555555555555
    },
    "4": {
      "precision": 0.4255555555555556,
      "recall": 0.2639327130073901,
      "fscore": 0.30175514467856906,
      "map": 0.23562746651608021,
      "ndcg": 0.4418899001072453,
      "mrr": 0.7233333333333334
    },
    "5": {
      "precision": 0.38755555555555554,
      "recall": 0.293312121448202,
      "fscore": 0.30864566122088444,
      "map": 0.2527066587987813,
      "ndcg": 0.4361326022805182,
      "mrr": 0.7286666666666666
    },
    "6": {
      "precision": 0.3637037037037037,
      "recall": 0.32399998478312414,
      "fscore": 0.3169215759111792,
      "map": 0.2684660330483516,
      "ndcg": 0.4397327466510792,
      "mrr": 0.7338518518518519
    },
    "7": {
      "precision": 0.3352380952380952,
      "recall": 0.3443028383461642,
      "fscore": 0.3138581782672447,
      "map": 0.2786539688849654,
      "ndcg": 0.44100791454700855,
      "mrr": 0.7363915343915344
    },
    "8": {
      "precision": 0.32,
      "recall": 0.37048958817470967,
      "fscore": 0.31764418156852914,
      "map": 0.29048098364007613,
      "ndcg": 0.4491993242623141,
      "mrr": 0.7363915343915344
    },
    "9": {
      "precision": 0.3002469135802469,
      "recall": 0.3874123827492284,
      "fscore": 0.3129737909493603,
      "map": 0.2970907822563882,
      "ndcg": 0.45259117446128516,
      "mrr": 0.7378730158730159
    },
    "10": {
      "precision": 0.2808888888888889,
      "recall": 0.39984173915897697,
      "fscore": 0.3053903960673393,
      "map": 0.30193399655842595,
      "ndcg": 0.4543918331612328,
      "mrr": 0.7378730158730159
    }
  },
  "embedding_lsa": {
    "1": {
      "precision": 0.6488888888888888,
      "recall": 0.10972107893358737,
      "fscore": 0.18070727664404826,
      "map": 0.10972107893358737,
      "ndcg": 0.52,
      "mrr": 0.6488888888888888
    },
    "2": {
      "precision": 0.5511111111111111,
      "recall": 0.18437714605952035,
      "fscore": 0.26007689231574027,
      "map": 0.17523141135238215,
      "ndcg": 0.4800284381449147,
      "mrr": 0.7022222222222222
    },
    "3": {
      "precision": 0.48148148148148145,
      "recall": 0.22880055372350663,
      "fscore": 0.28870049563612815,
      "map": 0.21202584646733372,
      "ndcg": 0.45580839202268,
      "mrr": 0.7155555555555555
    },
    "4": {
      "precision": 0.4255555555555556,
      "recall": 0.2639327130073901,
      "fscore": 0.30175514467856906,
      "map": 0.23562746651608021,
      "ndcg": 0.4418899001072453,
      "mrr": 0.7233333333333334
    },
    "5": {
      "precision": 0.38755555555555554,
      "recall": 0.293312121448202,
      "fscore": 0.30864566122088444,
      "map": 0.2527066587987813,