{
  "wordnet": {
    "1": {
      "precision": 0.6266666666666667,
      "recall": 0.10872559910477422,
      "fscore": 0.17873944409754522,
      "map": 0.10872559910477422,
      "ndcg": 0.5033333333333333,
      "mrr": 0.6266666666666667
    },
    "2": {
      "precision": 0.5155555555555555,
      "recall": 0.173328181054415,
      "fscore": 0.2445942602056572,
      "map": 0.16477400375023768,
      "ndcg": 0.4588936194111157,
      "mrr": 0.68
    },
    "3": {
      "precision": 0.4518518518518518,
      "recall": 0.2211538695271623,
      "fscore": 0.27759338603146655,
      "map": 0.20159187227725653,
      "ndcg": 0.43471181204787795,
      "mrr": 0.6918518518518518
    },
    "4": {
      "precision": 0.4011111111111111,
      "recall": 0.2543595689609319,
      "fscore": 0.2900176154658053,
      "map": 0.2245956780880799,
      "ndcg": 0.4225554490621994,
      "mrr": 0.7018518518518518
    },
    "5": {
      "precision": 0.3688888888888889,
      "recall": 0.2859261883877378,
      "fscore": 0.29896576446724066,
      "map": 0.24300764559353377,
      "ndcg": 0.41970214855302385,
      "mrr": 0.7071851851851852
    },
    "6": {
      "precision": 0.3407407407407408,
      "recall": 0.3101828628946703,
      "fscore": 0.30072225180497364,
      "map": 0.2549047018142054,
      "ndcg": 0.42207310932234543,
      "mrr": 0.7108888888888888
    },
    "7": {
      "precision": 0.32317460317460317,
      "recall": 0.3370410355861763,
      "fscore": 0.30542691666353655,
      "map": 0.2680200908343563,
      "ndcg": 0.42770501570882263,
      "mrr": 0.7134285714285714
    },
    "8": {
      "precision": 0.3022222222222222,
      "recall": 0.3571282094870757,
      "fscore": 0.3029836217702435,
      "map": 0.27631220240833065,
      "ndcg": 0.43199706430052837,
      "mrr": 0.7156507936507936
    },
    "9": {
      "precision": 0.2859259259259259,
      "recall": 0.3768154574731067,
      "fscore": 0.30111865142850663,
      "map": 0.283805341581892,
      "ndcg": 0.4365239226406482,
      "mrr": 0.7171322751322752
    },
    "10": {
      "precision": 0.26844444444444443,
      "recall": 0.3897307693217519,
      "fscore": 0.29489212577917406,
      "map": 0.2887229862828701,
      "ndcg": 0.4395035267071403,
      "mrr": 0.7171322751322752
    }
  },
  "embedding_tfidf": {
    "1": {
      "precision": 0.5733333333333334,
      "recall": 0.09998480855993755,
      "fscore": 0.16344416938094103,
      "map": 0.09998480855993755,
      "ndcg": 0.46111111111111114,
      "mrr": 0.5733333333333334
    },
    "2": {
      "precision": 0.44666666666666666,
      "recall": 0.14815804104163235,
      "fscore": 0.208902836921682,
      "map": 0.14144873400879593,
      "ndcg": 0.4007580899368706,
      "mrr": 0.6222222222222222
    },
    "3": {
      "precision": 0.41037037037037033,
      "recall": 0.1993195691782895,
      "fscore": 0.24973721615044484,
      "map": 0.1776587624227115,
      "ndcg": 0.39231497998434284,
      "mrr": 0.645925925925926
    },
    "4": {
      "precision": 0.39111111111111113,
      "recall": 0.24685273667690663,
      "fscore": 0.2807731032509136,
      "map": 0.20624271643479264,
      "ndcg": 0.3938232501351827,
      "mrr": 0.6637037037037038
    },
    "5": {
      "precision": 0.36444444444444446,
      "recall": 0.28161302577052905,
      "fscore": 0.2942849150258133,
      "map": 0.2258009063929826,
      "ndcg": 0.39696361460169444,
      "mrr": 0.669037037037037
    },
    "6": {
      "precision": 0.33111111111111113,
      "recall": 0.3026218392644,
      "fscore": 0.29209369551582914,
      "map": 0.2365687959392246,
      "ndcg": 0.395297090092084,
      "mrr": 0.6697777777777777
    },
    "7": {
      "precision": 0.3104761904761905,
      "recall": 0.32621123571924615,
      "fscore": 0.29418554321038304,
      "map": 0.24768442821147815,
      "ndcg": 0.39853220937898215,
      "mrr": 0.6735873015873015
    },
    "8": {
      "precision": 0.29555555555555557,
      "recall": 0.35123517502297974,
      "fscore": 0.29715149677190633,
      "map": 0.25814142351670394,
      "ndcg": 0.4058386816854087,
      "mrr": 0.6752539682539682
    },
    "9": {
      "precision": 0.2765432098765432,
      "recall": 0.36494641186166754,
      "fscore": 0.29132590931662267,
      "map": 0.2640829347207424,
      "ndcg": 0.40850175363407776,
      "mrr": 0.6762416225749559
    },
    "10": {
      "precision": 0.2644444444444444,
      "recall": 0.38427393858331194,
      "fscore": 0.290605115398612,
      "map": 0.27113283916633313,
      "ndcg": 0.41535369622578927,
      "mrr": 0.6771305114638447
    }
  },
  "embedding_lsa": {
    "1": {
      "precision": 0.4311111111111111,
      "recall": 0.0721712899797523,
      "fscore": 0.1186109662732281,
      "map": 0.0721712899797523,
      "ndcg": 0.3211111111111111,
      "mrr": 0.4311111111111111
    },
    "2": {
      "precision": 0.4222222222222222,
      "recall": 0.14074668696361162,
      "fscore": 0.19888589519459535,
      "map": 0.12354226146899006,
      "ndcg": 0.3426095867646863,
      "mrr": 0.5311111111111111
    },
    "3": {
      "precision": 0.37629629629629624,
      "recall": 0.1858082735251982,
      "fscore": 0.23231817324774842,
      "map": 0.1555922546856499,
      "ndcg": 0.33588270735711356,
      "mrr": 0.5503703703703704
    },
    "4": {
      "precision": 0.35888888888888887,
      "recall": 0.23020421766820115,
      "fscore": 0.2609190950827962,
      "map": 0.18161109847802312,
      "ndcg": 0.3450409556178137,
      "mrr": 0.5681481481481482
    },
    "5": {
      "precision": 0.33244444444444443,
      "recall": 0.2626545919126931,
      "fscore": 0.2725423595649916,
      "map": 0.19734501082566097,
      "ndcg": 0.345677483007668,
      "mrr": 0.5752592592592592
    },
    "6": {
      "precision": 0.31333333333333335,
      "recall": 0.28664401199563294,
      "fscore": 0.27733715375941864,
      "map": 0.20921798989482523,
      "ndcg": 0.35185409242516985,
      "mrr": 0.578962962962963
    },
    "7": {
      "precision": 0.2996825396825397,
      "recall": 0.31366436078264837,
      "fscore": 0.2838572160548957,
      "map": 0.22091320085670285,
      "ndcg": 0.3599959086409749,
      "mrr": 0.5846772486772487
    },
    "8": {
      "precision": 0.28444444444444444,
      "recall": 0.33937372549201306,
      "fscore": 0.2867023640651701,
      "map": 0.22983854403204604,
      "ndcg": 0.36810971010260485,
      "mrr": 0.5863439153439154
    },
    "9": {
      "precision": 0.27259259259259255,
      "recall": 0.3593258456429162,
      "fscore": 0.2876789839162688,
      "map": 0.23839801816837392,
      "ndcg": 0.37487967657857113,
      "mrr": 0.5868377425044092
    },
    "10": {
      "precision": 0.26355555555555554,
      "recall": 0.3827820661605402,
      "fscore": 0.289836745159698,
      "map": 0.2471047247496419,
      "ndcg": 0.3842394280254134,
      "mrr": 0.5881710758377424
    }
  },
  "embedding_esa": {
    "1": {
      "precision": 0.5555555555555556,
      "recall": 0.09836040768847785,
      "fscore": 0.1605714248415298,
      "map": 0.09836040768847785,
      "ndcg": 0.4477777777777778,
      "mrr": 0.5555555555555556
    },
    "2": {
      "precision": 0.44666666666666666,
      "recall": 0.14754516626209094,
      "fscore": 0.20867772869657378,
      "map": 0.1399592848958174,
      "ndcg": 0.3983423308512977,
      "mrr": 0.6155555555555555
    },
    "3": {
      "precision": 0.4059259259259259,
      "recall": 0.196317831215148,
      "fscore": 0.24636599563968944,
      "map": 0.17402189633424583,
      "ndcg": 0.38512843093709687,
      "mrr": 0.6377777777777778
    },
    "4": {
      "precision": 0.38555555555555554,
      "recall": 0.24428852311269306,
      "fscore": 0.2774958866403636,
      "map": 0.20307169205822131,
      "ndcg": 0.3895233279013904,
      "mrr": 0.6522222222222223
    },
    "5": {
      "precision": 0.3591111111111111,
      "recall": 0.2786591524833224,