{"_timestamp":1.7774840597355227e+09,"k":10,"_wandb":{"runtime":1},"_step":10,"precision@10":0.27599999999999997,"mrr":0.7506296296296296,"mrr@10":0.7506296296296296,"map":0.326415752638504,"recall":0.39842459777601585,"map@10":0.326415752638504,"recall@10":0.39842459777601585,"precision":0.27599999999999997,"_runtime":1,"ndcg@10":0.4606363685308235,"ndcg":0.4606363685308235}