{"_timestamp":1.777482754894591e+09,"recall@10":0.3536181630359987,"map@10":0.2587295813387083,"k":10,"ndcg@10":0.38204393681229987,"map":0.2587295813387083,"precision":0.24355555555555555,"_step":10,"precision@10":0.24355555555555555,"_wandb":{"runtime":7},"recall":0.3536181630359987,"mrr":0.6017178130511464,"mrr@10":0.6017178130511464,"_runtime":7,"ndcg":0.38204393681229987}