{
  "metrics_by_k": {
    "precision": [
      0.6666666666666666,
      0.5555555555555556,
      0.48888888888888915,
      0.43777777777777777,
      0.39200000000000007,
      0.36222222222222217,
      0.33777777777777795,
      0.31777777777777777,
      0.2997530864197534,
      0.28311111111111126
    ],
    "recall": [
      0.11103612581003769,
      0.18417761946525688,
      0.23043541117856978,
      0.2663954945851142,
      0.29260333821981105,
      0.32642277187257795,
      0.35113915946875984,
      0.3722211930259224,
      0.39304011049189874,
      0.40937964388315623
    ],
    "fscore": [
      0.18321531181875003,
      0.2600522009577152,
      0.2915541178017117,
      0.30674018975236517,
      0.3095996919681758,
      0.31672612300571584,
      0.3178164261237533,
      0.3165989216991836,
      0.3143174891833384,
      0.30986622378540024
    ],
    "map": [
      0.11103612581003769,
      0.1766674783717825,
      0.21358637326735444,
      0.23918220041974542,
      0.2543558983495552,
      0.27012819601074184,
      0.28233812151864507,
      0.2925710233695939,
      0.3001169845898471,
      0.3060628165782077
    ],
    "ndcg": [
      0.5288888888888889,
      0.487221174752299,
      0.46256646536303725,
      0.4499094206233101,
      0.44079509777828174,
      0.44427048169114747,
      0.4467791018811358,
      0.4516933660086366,
      0.4577198816673496,
      0.4611320915388798
    ],
    "mrr": [
      0.6666666666666666,
      0.7088888888888889,
      0.7237037037037038,
      0.7292592592592594,
      0.7354814814814815,
      0.7414074074074075,
      0.7426772486772487,
      0.7432328042328044,
      0.7452081128747798,
      0.7460970017636687
    ]
  },
  "k10": {
    "precision": 0.28311111111111126,
    "recall": 0.40937964388315623,
    "fscore": 0.30986622378540024,
    "map": 0.3060628165782077,
    "ndcg": 0.4611320915388798,
    "mrr": 0.7460970017636687
  },
  "runtime_seconds": 0.0535891056060791
}