{
  "best_query_reduction_method": "prf_term_pruning_extended",
  "k10": {
    "baseline_tfidf": {
      "precision": 0.28311111111111126,
      "recall": 0.40937964388315623,
      "fscore": 0.30986622378540024,
      "map": 0.3060628165782077,
      "ndcg": 0.4611320915388798,
      "mrr": 0.7460970017636687
    },
    "unordered_local_context_bow": {
      "precision": 0.29377777777777786,
      "recall": 0.4251484499270912,
      "fscore": 0.3214953779731081,
      "map": 0.3297117915646946,
      "ndcg": 0.4883179837818228,
      "mrr": 0.7779241622574954
    },
    "idf_topk_legacy": {
      "precision": 0.28311111111111126,
      "recall": 0.40937964388315623,
      "fscore": 0.30986622378540024,
      "map": 0.3060628165782077,
      "ndcg": 0.4611320915388798,
      "mrr": 0.7460970017636687
    },
    "idf_topk_extended": {
      "precision": 0.28311111111111126,
      "recall": 0.40937964388315623,
      "fscore": 0.30986622378540024,
      "map": 0.3060628165782077,
      "ndcg": 0.4611320915388798,
      "mrr": 0.7460970017636687
    },
    "prf_term_pruning_legacy": {
      "precision": 0.2751111111111113,
      "recall": 0.3922891269075817,
      "fscore": 0.29933622683333333,
      "map": 0.2943099127721827,
      "ndcg": 0.4435663720001925,
      "mrr": 0.7253509700176369
    },
    "prf_term_pruning_extended": {
      "precision": 0.28400000000000014,
      "recall": 0.4098452523487647,
      "fscore": 0.3107009816201581,
      "map": 0.3066450959096934,
      "ndcg": 0.46166999655312,
      "mrr": 0.746615520282187
    }
  },
  "metrics": {
    "baseline_tfidf": {
      "precision": [
        0.6666666666666666,
        0.5555555555555556,
        0.48888888888888915,
        0.43777777777777777,
        0.39200000000000007,
        0.36222222222222217,
        0.33777777777777795,
        0.31777777777777777,
        0.2997530864197534,
        0.28311111111111126
      ],
      "recall": [
        0.11103612581003769,
        0.18417761946525688,
        0.23043541117856978,
        0.2663954945851142,
        0.29260333821981105,
        0.32642277187257795,
        0.35113915946875984,
        0.3722211930259224,
        0.39304011049189874,
        0.40937964388315623
      ],
      "fscore": [
        0.18321531181875003,
        0.2600522009577152,
        0.2915541178017117,
        0.30674018975236517,
        0.3095996919681758,
        0.31672612300571584,
        0.3178164261237533,
        0.3165989216991836,
        0.3143174891833384,
        0.30986622378540024
      ],
      "map": [
        0.11103612581003769,
        0.1766674783717825,
        0.21358637326735444,
        0.23918220041974542,
        0.2543558983495552,
        0.27012819601074184,
        0.28233812151864507,
        0.2925710233695939,
        0.3001169845898471,
        0.3060628165782077
      ],
      "ndcg": [
        0.5288888888888889,
        0.487221174752299,
        0.46256646536303725,
        0.4499094206233101,
        0.44079509777828174,
        0.44427048169114747,
        0.4467791018811358,
        0.4516933660086366,
        0.4577198816673496,
        0.4611320915388798
      ],
      "mrr": [
        0.6666666666666666,
        0.7088888888888889,
        0.7237037037037038,
        0.7292592592592594,
        0.7354814814814815,
        0.7414074074074075,
        0.7426772486772487,
        0.7432328042328044,
        0.7452081128747798,
        0.7460970017636687
      ]
    },
    "unordered_local_context_bow": {
      "precision": [
        0.6933333333333334,
        0.5911111111111111,
        0.5229629629629627,
        0.47,
        0.42222222222222233,
        0.3866666666666666,
        0.3587301587301591,
        0.3377777777777778,
        0.31358024691358044,
        0.29377777777777786
      ],
      "recall": [
        0.11819815124399294,
        0.19706650835414577,
        0.25146352549822176,
        0.2909581089000506,
        0.32338441878250085,
        0.34893079787067555,
        0.3711605000886344,
        0.39888030497510596,
        0.4134633978569817,
        0.4251484499270912
      ],
      "fscore": [
        0.19359655149410737,
        0.2776602138598458,
        0.3159581082659083,
        0.3330136487379702,
        0.3386154523420375,
        0.3389538363816202,
        0.33673521421417485,
        0.3378716166916381,
        0.32963932649800426,
        0.3214953779731081
      ],
      "map": [
        0.11819815124399294,
        0.18802670978364547,
        0.23348730472005744,
        0.2619209156391537,
        0.2818363650370593,
        0.2949612388286858,
        0.3059015875794962,
        0.3181693784306203,
        0.3246623200060276,
        0.3297117915646946
      ],
      "ndcg": [
        0.56,
        0.5223652607021387,
        0.4965938117506688,
        0.485286895243113,
        0.47600651646331366,
        0.47532573960462654,
        0.47754089988076853,
        0.4834536905652335,
        0.48591591927986777,
        0.4883179837818228
      ],
      "mrr": [
        0.6933333333333334,
        0.7488888888888889,
        0.7607407407407407,
        0.7651851851851852,
        0.7687407407407407,
        0.7746666666666665,
        0.7759365079365078,
        0.7764920634920633,
        0.777479717813051,
        0.7779241622574954
      ]
    },
    "idf_topk_legacy": {
      "precision": [
        0.6666666666666666,
        0.5555555555555556,
        0.48888888888888915,
        0.43777777777777777,
        0.39200000000000007,
        0.36222222222222217,
        0.33777777777777795,
        0.31777777777777777,
        0.2997530864197534,
        0.28311111111111126
      ],
      "recall": [
        0.11103612581003769,
        0.18417761946525688,
        0.23043541117856978,
        0.2663954945851142,
        0.29260333821981105,
        0.32642277187257795,
        0.35113915946875984,
        0.3722211930259224,
        0.39304011049189874,
        0.40937964388315623
      ],
      "fscore": [
        0.18321531181875003,
        0.2600522009577152,
        0.2915541178017117,
        0.30674018975236517,
        0.3095996919681758,
        0.31672612300571584,
        0.3178164261237533,
        0.3165989216991836,
        0.3143174891833384,
        0.30986622378540024
      ],
      "map": [
        0.11103612581003769,
        0.1766674783717825,
        0.21358637326735444,
        0.23918220041974542,
        0.2543558983495552,
        0.27012819601074184,
        0.28233812151864507,
        0.2925710233695939,
        0.3001169845898471,
        0.3060628165782077
      ],
      "ndcg": [
        0.5288888888888889,
        0.487221174752299,
        0.46256646536303725,
        0.4499094206233101,
        0.44079509777828174,
        0.44427048169114747,
        0.4467791018811358,
        0.4516933660086366,
        0.4577198816673496,
        0.4611320915388798
      ],
      "mrr": [
        0.6666666666666666,
        0.7088888888888889,
        0.7237037037037038,
        0.7292592592592594,
        0.7354814814814815,
        0.7414074074074075,
        0.7426772486772487,
        0.7432328042328044,
        0.7452081128747798,
        0.7460970017636687
      ]
    },
    "idf_topk_extended": {
      "precision": [
        0.6666666666666666,
        0.5555555555555556,
        0.48888888888888915,
        0.43777777777777777,
        0.39200000000000007,
        0.36222222222222217,
        0.33777777777777795,
        0.31777777777777777,
        0.2997530864197534,
        0.28311111111111126
      ],
      "recall": [
        0.11103612581003769,
        0.18417761946525688,
        0.23043541117856978,
        0.2663954945851142,
        0.29260333821981105,
        0.32642277187257795,
        0.35113915946875984,
        0.3722211930259224,
        0.39304011049189874,
        0.40937964388315623
      ],