{
  "best_query_reduction_method": "idf_topk",
  "k10": {
    "baseline_tfidf": {
      "precision": 0.28311111111111126,
      "recall": 0.40937964388315623,
      "fscore": 0.30986622378540024,
      "map": 0.3060628165782077,
      "ndcg": 0.4611320915388798,
      "mrr": 0.7460970017636687
    },
    "unordered_local_context_bow": {
      "precision": 0.2902222222222223,
      "recall": 0.4209714096833843,
      "fscore": 0.3177288310849926,
      "map": 0.3239985084233012,
      "ndcg": 0.4829048563887548,
      "mrr": 0.7661252204585537
    },
    "idf_topk": {
      "precision": 0.28311111111111126,
      "recall": 0.40937964388315623,
      "fscore": 0.30986622378540024,
      "map": 0.3058330357769984,
      "ndcg": 0.4611219807515199,
      "mrr": 0.7460970017636687
    },
    "prf_term_pruning": {
      "precision": 0.26666666666666694,
      "recall": 0.3797740904782006,
      "fscore": 0.29029585247142553,
      "map": 0.279145106020868,
      "ndcg": 0.4243930611052736,
      "mrr": 0.6859770723104055
    }
  },
  "metrics": {
    "baseline_tfidf": {
      "precision": [
        0.6666666666666666,
        0.5555555555555556,
        0.48888888888888915,
        0.43777777777777777,
        0.39200000000000007,
        0.36222222222222217,
        0.33777777777777795,
        0.31777777777777777,
        0.2997530864197534,
        0.28311111111111126
      ],
      "recall": [
        0.11103612581003769,
        0.18417761946525688,
        0.23043541117856978,
        0.2663954945851142,
        0.29260333821981105,
        0.32642277187257795,
        0.35113915946875984,
        0.3722211930259224,
        0.39304011049189874,
        0.40937964388315623
      ],
      "fscore": [
        0.18321531181875003,
        0.2600522009577152,
        0.2915541178017117,
        0.30674018975236517,
        0.3095996919681758,
        0.31672612300571584,
        0.3178164261237533,
        0.3165989216991836,
        0.3143174891833384,
        0.30986622378540024
      ],
      "map": [
        0.11103612581003769,
        0.1766674783717825,
        0.21358637326735444,
        0.23918220041974542,
        0.2543558983495552,
        0.27012819601074184,
        0.28233812151864507,
        0.2925710233695939,
        0.3001169845898471,
        0.3060628165782077
      ],
      "ndcg": [
        0.5288888888888889,
        0.487221174752299,
        0.46256646536303725,
        0.4499094206233101,
        0.44079509777828174,
        0.44427048169114747,
        0.4467791018811358,
        0.4516933660086366,
        0.4577198816673496,
        0.4611320915388798
      ],
      "mrr": [
        0.6666666666666666,
        0.7088888888888889,
        0.7237037037037038,
        0.7292592592592594,
        0.7354814814814815,
        0.7414074074074075,
        0.7426772486772487,
        0.7432328042328044,
        0.7452081128747798,
        0.7460970017636687
      ]
    },
    "unordered_local_context_bow": {
      "precision": [
        0.68,
        0.5822222222222222,
        0.5185185185185185,
        0.46444444444444444,
        0.41511111111111115,
        0.3792592592592594,
        0.34984126984126995,
        0.3327777777777778,
        0.31111111111111134,
        0.2902222222222223
      ],
      "recall": [
        0.1164873928665679,
        0.19344013472777213,
        0.2484195774346659,
        0.2863342693054981,
        0.31684300522147946,
        0.34276686559180064,
        0.36402328980436527,
        0.39146389677708865,
        0.40963185417716225,
        0.4209714096833843
      ],
      "fscore": [
        0.19064417054172642,
        0.27270238156868015,
        0.31276265369364215,
        0.32845265259816137,
        0.3319355616177711,
        0.33246595843760196,
        0.32947158071359894,
        0.3324386868134015,
        0.32645313381012897,
        0.3177288310849926
      ],
      "map": [
        0.1164873928665679,
        0.18539680882041118,
        0.2305015577147026,
        0.25682948117201204,
        0.2749826055552172,
        0.28964499950663114,
        0.29977725650981546,
        0.3118082200151704,
        0.318894592586052,
        0.3239985084233012
      ],
      "ndcg": [
        0.5555555555555556,
        0.5179035908896886,
        0.49341975143601535,
        0.48085608140875663,
        0.4698804830984352,
        0.4685067554182234,
        0.4704281957157524,
        0.47793376993319503,
        0.4812175471604097,
        0.4829048563887548
      ],
      "mrr": [
        0.68,
        0.7333333333333333,
        0.7451851851851852,
        0.754074074074074,
        0.7576296296296297,
        0.7598518518518519,
        0.7630264550264549,
        0.7646931216931216,
        0.7656807760141093,
        0.7661252204585537
      ]
    },
    "idf_topk": {
      "precision": [
        0.6666666666666666,
        0.5555555555555556,
        0.48888888888888915,
        0.43777777777777777,
        0.3911111111111112,
        0.36148148148148146,
        0.33714285714285736,
        0.31722222222222224,
        0.2997530864197534,
        0.28311111111111126
      ],
      "recall": [
        0.11103612581003769,
        0.18417761946525688,
        0.23043541117856978,
        0.2663954945851142,
        0.29196841758489034,
        0.3257878512376573,
        0.35050423883383924,
        0.3715862723910017,
        0.39304011049189874,
        0.40937964388315623
      ],
      "fscore": [
        0.18321531181875003,
        0.2600522009577152,
        0.2915541178017117,
        0.30674018975236517,
        0.30885895122743506,
        0.3160423623219552,
        0.3171815054888327,
        0.316006329106591,
        0.3143174891833384,
        0.30986622378540024
      ],
      "map": [
        0.11103612581003769,
        0.1766674783717825,
        0.21358637326735444,
        0.23918220041974542,
        0.2539749459686028,
        0.2697472436297894,
        0.28168506029415524,
        0.29191796214510407,
        0.29988720378863776,
        0.3058330357769984
      ],
      "ndcg": [
        0.5288888888888889,
        0.48728792876279264,
        0.46264661111290156,
        0.449972522791035,
        0.4404662410699198,
        0.4438006407895213,
        0.4465118718057133,
        0.45142613593321396,
        0.4577097708799896,
        0.4611219807515199
      ],
      "mrr": [
        0.6666666666666666,
        0.7088888888888889,
        0.7237037037037038,
        0.7292592592592594,
        0.7354814814814815,
        0.7414074074074075,
        0.7426772486772487,
        0.7432328042328044,
        0.7452081128747798,
        0.7460970017636687
      ]
    },
    "prf_term_pruning": {
      "precision": [
        0.5822222222222222,
        0.5133333333333333,
        0.45925925925925953,
        0.4022222222222222,
        0.37155555555555586,
        0.34074074074074057,
        0.3180952380952383,
        0.29777777777777775,
        0.2824691358024694,
        0.26666666666666694
      ],
      "recall": [
        0.09974782740861168,
        0.16949002083906176,
        0.21561829392285606,
        0.24439504831273798,
        0.2749758936733777,
        0.3009158814270911,
        0.3247303435082199,
        0.3441367413950099,
        0.3647142909333437,
        0.3797740904782006
      ],
      "fscore": [
        0.16392642124530662,
        0.23974291764843195,
        0.2731604473562257,
        0.2816131951344836,
        0.29220595343029937,
        0.2948058240281068,
        0.2967337136147844,
        0.2950398062721108,
        0.29454127566813504,
        0.29029585247142553
      ],
      "map": [
        0.09974782740861168,
        0.16171568506079373,
        0.19574587942146635,
        0.21486491427908258,
        0.23281483041792786,
        0.24607584808580832,
        0.25627297582579334,
        0.26514004330805685,
        0.2734852554669945,
        0.279145106020868
      ],