method,precision@10,recall@10,fscore@10,map@10,ndcg@10,mrr@10,runtime_seconds
baseline_tfidf,0.28311111111111126,0.40937964388315623,0.30986622378540024,0.3060628165782077,0.4611320915388798,0.7460970017636687,0.18342018127441406
unordered_local_context_bow,0.2902222222222223,0.4209714096833843,0.3177288310849926,0.3239985084233012,0.4829048563887548,0.7661252204585537,65.49710488319397
idf_topk,0.28311111111111126,0.40937964388315623,0.30986622378540024,0.3058330357769984,0.4611219807515199,0.7460970017636687,15.472917556762695
prf_term_pruning,0.26666666666666694,0.3797740904782006,0.29029585247142553,0.279145106020868,0.4243930611052736,0.6859770723104055,11.757621765136719
