{"mrr@10":0.7346948853615519,"recall@10":0.4355419672887414,"_wandb":{"runtime":8},"precision":0.30311111111111105,"recall":0.4355419672887414,"map@10":0.3583323066263543,"k":10,"mrr":0.7346948853615519,"ndcg@10":0.4898968332642754,"_step":10,"ndcg":0.4898968332642754,"_runtime":8,"precision@10":0.30311111111111105,"_timestamp":1.7774833711569285e+09,"map":0.3583323066263543}