{"_wandb":{"runtime":10},"recall":0.2152734968902187,"recall@10":0.2152734968902187,"_step":10,"precision@10":0.14311111111111113,"k":10,"ndcg@10":0.2493242405062142,"_timestamp":1.7774831722256267e+09,"precision":0.14311111111111113,"map":0.1539672594552224,"_runtime":10,"ndcg":0.2493242405062142,"mrr":0.4713121693121693,"map@10":0.1539672594552224,"mrr@10":0.4713121693121693}