{
  "lack_of_semantic_understanding": {
    "TF-IDF": 0.2559532436162871,
    "N-gram": 0.26503297293152367,
    "WordNet-LC": 0.2416008577343981,
    "BM25": 0.3073309178743961,
    "LSA": 0.35759661835748796,
    "ESA": 0.3674647266313933,
    "LocalContext-BOW": 0.2584200926747511,
    "QueryReduction": 0.2131467514542049,
    "Exp-TF-IDF": 0.24144237405106966,
    "Exp-WordNet": 0.25581895560156426,
    "Exp-LSA": 0.2725508971704624,
    "Exp-ESA": 0.2596609730848861
  },
  "high_dimensionality_and_computational_cost": {
    "TF-IDF": 0.2694160997732426,
    "N-gram": 0.2750228174603174,
    "WordNet-LC": 0.2719365079365079,
    "BM25": 0.289610119047619,
    "LSA": 0.2613877551020408,
    "ESA": 0.3110046296296297,
    "LocalContext-BOW": 0.27597760770975055,
    "QueryReduction": 0.22213194444444445,
    "Exp-TF-IDF": 0.27722562358276637,
    "Exp-WordNet": 0.2709160997732426,
    "Exp-LSA": 0.26164229024943314,
    "Exp-ESA": 0.2619141156462585
  },
  "poor_scalability": {
    "TF-IDF": 0.23228174603174598,
    "N-gram": 0.2185059523809524,
    "WordNet-LC": 0.19958680555555552,
    "BM25": 0.23043204365079362,
    "LSA": 0.24980704365079368,
    "ESA": 0.24100942460317465,
    "LocalContext-BOW": 0.24750595238095235,
    "QueryReduction": 0.196375,
    "Exp-TF-IDF": 0.23127380952380952,
    "Exp-WordNet": 0.23157886904761904,
    "Exp-LSA": 0.2430734126984127,
    "Exp-ESA": 0.24143154761904762
  },
  "word_sense_ambiguity": {
    "TF-IDF": 0.20013775510204082,
    "N-gram": 0.19359325396825394,
    "WordNet-LC": 0.20679166666666665,
    "BM25": 0.2161085600907029,
    "LSA": 0.1810291005291005,
    "ESA": 0.17657738095238093,
    "LocalContext-BOW": 0.19695436507936506,
    "QueryReduction": 0.1682519841269841,
    "Exp-TF-IDF": 0.17661838624338624,
    "Exp-WordNet": 0.1812612433862434,
    "Exp-LSA": 0.17090211640211642,
    "Exp-ESA": 0.1677303476946334
  },
  "out_of_vocabulary": {
    "TF-IDF": 0.3777484327064159,
    "N-gram": 0.4398560535325241,
    "WordNet-LC": 0.3878267973856209,
    "BM25": 0.4729131652661064,
    "LSA": 0.44781279178338,
    "ESA": 0.5015406162464986,
    "LocalContext-BOW": 0.38475957049486464,
    "QueryReduction": 0.33288048552754435,
    "Exp-TF-IDF": 0.3778079565159397,
    "Exp-WordNet": 0.38001383886888085,
    "Exp-LSA": 0.4313863878884887,
    "Exp-ESA": 0.39273870659374865
  },
  "lack_of_contextual_representation": {
    "TF-IDF": 0.13649170274170275,
    "N-gram": 0.14100679413179412,
    "WordNet-LC": 0.1271969696969697,
    "BM25": 0.15915824915824914,
    "LSA": 0.15129028379028378,
    "ESA": 0.1460978835978836,
    "LocalContext-BOW": 0.13535654160654162,
    "QueryReduction": 0.13391835016835013,
    "Exp-TF-IDF": 0.1762519039602373,
    "Exp-WordNet": 0.17943101651434987,
    "Exp-LSA": 0.18054383116883116,
    "Exp-ESA": 0.17998216289882957
  },
  "sparse_representations": {
    "TF-IDF": 0.4492761610817166,
    "N-gram": 0.43753086419753084,
    "WordNet-LC": 0.4164719282774838,
    "BM25": 0.494731040564374,
    "LSA": 0.40047674162257496,
    "ESA": 0.4632583774250441,
    "LocalContext-BOW": 0.4404927248677249,
    "QueryReduction": 0.4335464432686654,
    "Exp-TF-IDF": 0.4487700249853028,
    "Exp-WordNet": 0.4545974794238683,
    "Exp-LSA": 0.45338036449147556,
    "Exp-ESA": 0.4445620223398001
  }
}