{"recall":0.4152127165934219,"recall@10":0.4152127165934219,"ndcg@10":0.4725303230755017,"ndcg":0.4725303230755017,"_runtime":10,"map":0.33868058495002934,"_step":10,"mrr@10":0.7518677248677248,"_wandb":{"runtime":10},"precision":0.28844444444444445,"_timestamp":1.7774832763864622e+09,"map@10":0.33868058495002934,"mrr":0.7518677248677248,"k":10,"precision@10":0.28844444444444445}