{"ndcg@10":0.4606363685308235,"mrr":0.7506296296296296,"map@10":0.326415752638504,"_wandb":{"runtime":1},"recall":0.39842459777601585,"precision@10":0.27599999999999997,"mrr@10":0.7506296296296296,"precision":0.27599999999999997,"map":0.326415752638504,"k":10,"_runtime":1,"ndcg":0.4606363685308235,"recall@10":0.39842459777601585,"_timestamp":1.7774843268831308e+09,"_step":10}