{"ndcg":0.5179214804085462,"mrr":0.7850864197530865,"precision":0.3186666666666666,"recall":0.4587354137345098,"recall@10":0.4587354137345098,"_wandb":{"runtime":9},"precision@10":0.3186666666666666,"_step":10,"map":0.38372331051762265,"map@10":0.38372331051762265,"ndcg@10":0.5179214804085462,"_runtime":9,"mrr@10":0.7850864197530865,"_timestamp":1.7774838859014366e+09,"k":10}