{
  "backbone": "esa_term",
  "label": "ESA term space",
  "notes": "Adapted application on explicit concept vectors.",
  "doc_token_coverage": 1.0,
  "query_token_coverage": 0.9774794283239497,
  "best_config": {
    "a": 0.001,
    "a_label": "1e-03",
    "n_components": 1
  },
  "metrics_by_k": {
    "precision": [
      0.7066666666666667,
      0.6088888888888889,
      0.5511111111111111,
      0.4888888888888889,
      0.441777777777778,
      0.4022222222222221,
      0.3739682539682544,
      0.35055555555555556,
      0.3303703703703708,
      0.3102222222222223
    ],
    "recall": [
      0.11912960023684543,
      0.20189731771707145,
      0.2635390718856789,
      0.3020126410677103,
      0.3317754166860073,
      0.36044837772441796,
      0.3847078382119485,
      0.40803104842021626,
      0.4289240892936492,
      0.44416047019669685
    ],
    "fscore": [
      0.1955431321465704,
      0.28499468134242073,
      0.3323403143582595,
      0.3464022365764348,
      0.3502302515167952,
      0.35066798713102026,
      0.350139379696738,
      0.3484625023831088,
      0.3454920706057438,
      0.33875469774593925
    ],
    "map": [
      0.11912960023684543,
      0.1930000514031385,
      0.2436784918657422,
      0.27186180666373694,
      0.29243635912270627,
      0.3095107303541093,
      0.32377941859522874,
      0.33477162859893295,
      0.34460123073245663,
      0.35157868044323964
    ],
    "ndcg": [
      0.5577777777777778,
      0.5305514474095181,
      0.5096557322789819,
      0.49896572271400647,
      0.49027690846536265,
      0.4881553853447869,
      0.48995126233366915,
      0.4947615906453585,
      0.5000917699920677,
      0.5028173098901413
    ],
    "mrr": [
      0.7066666666666667,
      0.7555555555555555,
      0.7703703703703703,
      0.7792592592592592,
      0.781037037037037,
      0.7832592592592591,
      0.7832592592592591,
      0.7854814814814813,
      0.7859753086419752,
      0.7864197530864195
    ]
  },
  "k10": {
    "precision": 0.3102222222222223,
    "recall": 0.44416047019669685,
    "fscore": 0.33875469774593925,
    "map": 0.35157868044323964,
    "ndcg": 0.5028173098901413,
    "mrr": 0.7864197530864195
  },
  "runtime_seconds": 13.974113464355469,
  "significance": {
    "ap_at_10_pvalue": 4.999750012499375e-05,
    "ndcg_at_10_pvalue": 4.999750012499375e-05
  }
}