{"mrr":0.6190934744268078,"_timestamp":1.777482609032472e+09,"map@10":0.24847408527196888,"_runtime":1,"mrr@10":0.6190934744268078,"ndcg@10":0.3733635478622531,"precision@10":0.22933333333333336,"k":10,"recall@10":0.3372170896933788,"precision":0.22933333333333336,"_wandb":{"runtime":1},"ndcg":0.3733635478622531,"recall":0.3372170896933788,"map":0.24847408527196888,"_step":10}