{
  "metrics_by_k": {
    "precision": [
      0.6533333333333333,
      0.5688888888888889,
      0.4992592592592595,
      0.4388888888888889,
      0.3991111111111114,
      0.36666666666666653,
      0.3384126984126988,
      0.31333333333333335,
      0.2958024691358026,
      0.27600000000000025
    ],
    "recall": [
      0.11094395045767588,
      0.1869282374021494,
      0.23640373988489705,
      0.270383155810774,
      0.3031162770956196,
      0.3297412967153762,
      0.3484679595224312,
      0.3692548904564209,
      0.3892492536592464,
      0.39938584110955927
    ],
    "fscore": [
      0.1818371750680642,
      0.2645194949296532,
      0.29880693638748224,
      0.310239988840606,
      0.31889477097271784,
      0.3206908334006863,
      0.31725469607295653,
      0.3131579899060253,
      0.3108826985616794,
      0.30216025649388056
    ],
    "map": [
      0.11094395045767588,
      0.1780153066924588,
      0.21730902257989373,
      0.2399713384630202,
      0.2592457105787717,
      0.27339897716274003,
      0.28276244815590296,
      0.29218195779477524,
      0.3002032440590382,
      0.30436903331698445
    ],
    "ndcg": [
      0.5466666666666666,
      0.5068463956729539,
      0.4773993774606005,
      0.46219063731660504,
      0.4565540977340099,
      0.4534786770972301,
      0.45430159580878743,
      0.4563910386703567,
      0.4623057494588195,
      0.46380427403104374
    ],
    "mrr": [
      0.6533333333333333,
      0.7133333333333334,
      0.7281481481481482,
      0.737037037037037,
      0.7405925925925927,
      0.7428148148148149,
      0.7459894179894181,
      0.7459894179894181,
      0.7474708994708995,
      0.747915343915344
    ]
  },
  "k10": {
    "precision": 0.27600000000000025,
    "recall": 0.39938584110955927,
    "fscore": 0.30216025649388056,
    "map": 0.30436903331698445,
    "ndcg": 0.46380427403104374,
    "mrr": 0.747915343915344
  },
  "runtime_seconds": 20.266234159469604,
  "n": 2
}