{"ndcg@10":0.4606363685308235,"recall@10":0.39842459777601585,"mrr@10":0.7506296296296296,"map@10":0.326415752638504,"recall":0.39842459777601585,"_runtime":4,"k":10,"map":0.326415752638504,"_step":10,"_timestamp":1.7774829704588056e+09,"precision@10":0.27599999999999997,"mrr":0.7506296296296296,"ndcg":0.4606363685308235,"_wandb":{"runtime":4},"precision":0.27599999999999997}