{
  "sublinear_tf": true,
  "max_df": 0.9,
  "min_df": 1,
  "ngram_max": 2,
  "tfidf_norm": "l2",
  "esa_top_concepts": 25,
  "esa_min_similarity": 0.0,
  "random_state": 42,
  "map@10": 0.3431486913628252,
  "ndcg@10": 0.4979578817772783,
  "mrr@10": 0.7653562610229279,
  "precision@10": 0.3133333333333332,
  "recall@10": 0.44557579901142785
}