{"precision":0.12844444444444444,"_step":10,"_timestamp":1.7774836020101295e+09,"ndcg":0.19431742754913778,"ndcg@10":0.19431742754913778,"k":10,"map":0.12807808082080568,"recall":0.17838777554433224,"recall@10":0.17838777554433224,"_runtime":10,"map@10":0.12807808082080568,"mrr":0.3238483245149912,"mrr@10":0.3238483245149912,"precision@10":0.12844444444444444,"_wandb":{"runtime":10}}