{
  "tfidf": {
    "precision": [
      0.6488888888888888,
      0.5466666666666666,
      0.48592592592592615,
      0.43444444444444447,
      0.38577777777777794,
      0.35851851851851846,
      0.33396825396825425,
      0.31666666666666665,
      0.29975308641975346,
      0.2835555555555557
    ],
    "recall": [
      0.10919181807099311,
      0.1808846901723276,
      0.228655709398868,
      0.2645503767399963,
      0.2883589899754627,
      0.3241227385725446,
      0.348107742542606,
      0.3713727081774375,
      0.3931739889591105,
      0.40999451439276363
    ],
    "fscore": [
      0.17995605255949076,
      0.2553472762527905,
      0.2892895675371615,
      0.30446858481409356,
      0.3048472553210024,
      0.3139135465213128,
      0.3146879496619435,
      0.3156957719630819,
      0.31440487254474014,
      0.31032959994045994
    ],
    "MAP": [
      0.10919181807099311,
      0.1728968396537754,
      0.21083802090496695,
      0.23545837908188896,
      0.24881274079236254,
      0.2650467742486182,
      0.2771464162778169,
      0.2883490910459071,
      0.29666185610703816,
      0.3025772846456973
    ],
    "nDCG": [
      0.5188888888888888,
      0.480851773712128,
      0.4586421306186382,
      0.44551456384575994,
      0.43517543010687126,
      0.4393412623021309,
      0.44188454174874475,
      0.44888521657621694,
      0.4552953198502894,
      0.4589211350766685
    ],
    "MRR": [
      0.6488888888888888,
      0.6977777777777778,
      0.7140740740740742,
      0.7207407407407408,
      0.726962962962963,
      0.7321481481481483,
      0.7334179894179895,
      0.7339735449735452,
      0.7359488536155205,
      0.7368377425044094
    ]
  },
  "bm25": {
    "precision": [
      0.7288888888888889,
      0.6177777777777778,
      0.5392592592592593,
      0.47,
      0.4293333333333332,
      0.385925925925926,
      0.3523809523809526,
      0.32666666666666666,
      0.3046913580246917,
      0.28933333333333344
    ],
    "recall": [
      0.12259655739007708,
      0.20635900055130327,
      0.25800947982397054,
      0.29318928644961906,
      0.32896902087641233,
      0.3502250483409019,
      0.3695558572331144,
      0.3876193986299891,
      0.401966735256501,
      0.41677237661386635
    ],
    "fscore": [
      0.20152761950876674,
      0.2909790444929346,
      0.32496720527875184,
      0.3347346931350119,
      0.3445587388858713,
      0.33883287217174335,
      0.3332364278665284,
      0.32792952437494827,
      0.3207033761571222,
      0.3163529490047476
    ],
    "MAP": [
      0.12259655739007708,
      0.19880492100702765,
      0.24217940010740996,
      0.2680500331874243,
      0.2896406538956922,
      0.3014340036233385,
      0.3121263831365201,
      0.3208300552360252,
      0.3269896677746176,
      0.33302898960646815
    ],
    "nDCG": [
      0.5977777777777777,
      0.5558107795988336,
      0.519649659626912,
      0.4985760540949074,
      0.4933126764089401,
      0.48992177742941256,
      0.48763359074217055,
      0.48931635627898223,
      0.49146179765515763,
      0.4950215473664779
    ],
    "MRR": [
      0.7288888888888889,
      0.7711111111111111,
      0.7814814814814816,
      0.7848148148148149,
      0.7883703703703704,
      0.7905925925925927,
      0.7918624338624338,
      0.7929735449735449,
      0.7949488536155204,
      0.7953932980599647
    ]
  }
}