{"_step":10,"ndcg@10":0.25921039927911754,"map":0.16024193541614176,"_timestamp":1.777482483259614e+09,"mrr":0.4917072310405644,"precision@10":0.14844444444444446,"map@10":0.16024193541614176,"mrr@10":0.4917072310405644,"precision":0.14844444444444446,"ndcg":0.25921039927911754,"k":10,"_wandb":{"runtime":1},"recall@10":0.22258986038759357,"recall":0.22258986038759357,"_runtime":1}