{"map":0.035115597967582096,"_wandb":{"runtime":7},"precision":0.049777777777777775,"map@10":0.035115597967582096,"recall":0.06620905645248551,"_runtime":7,"k":10,"recall@10":0.06620905645248551,"_step":10,"ndcg":0.07050948111869222,"ndcg@10":0.07050948111869222,"mrr@10":0.14039506172839505,"mrr":0.14039506172839505,"_timestamp":1.7774834547700868e+09,"precision@10":0.049777777777777775}