{"_runtime":4,"ndcg@10":0.5166534157827638,"mrr":0.7637354497354497,"ndcg":0.5166534157827638,"_timestamp":1.7774831115536854e+09,"mrr@10":0.7637354497354497,"_wandb":{"runtime":4},"precision@10":0.32666666666666666,"recall@10":0.4672888506285253,"map@10":0.38400170347974577,"precision":0.32666666666666666,"_step":10,"k":10,"map":0.38400170347974577,"recall":0.4672888506285253}