{
  "metrics_by_k": {
    "precision": [
      0.5244444444444445,
      0.47333333333333333,
      0.41777777777777786,
      0.38222222222222224,
      0.3466666666666672,
      0.31777777777777766,
      0.30222222222222267,
      0.285,
      0.26716049382716067,
      0.25288888888888916
    ],
    "recall": [
      0.08503587960132919,
      0.15135207197830586,
      0.19616208608710298,
      0.23163344455319826,
      0.2585618335333114,
      0.28249903241697133,
      0.31211220844707205,
      0.3305672490491715,
      0.3478181542804688,
      0.3639752811042624
    ],
    "fscore": [
      0.1399798553820552,
      0.21496313413008653,
      0.24753726705184673,
      0.26596074489133026,
      0.272565078361013,
      0.2749404160464637,
      0.282023419178857,
      0.28167738114133795,
      0.2785973982309543,
      0.2755835034012034
    ],
    "map": [
      0.08503587960132919,
      0.13831186128123246,
      0.17062532521610738,
      0.1917689951751281,
      0.20677117847501264,
      0.2196611468263643,
      0.23275254245985055,
      0.24033185448769184,
      0.2464483254451215,
      0.252095655892452
    ],
    "ndcg": [
      0.4266666666666667,
      0.409992615851206,
      0.391357112535034,
      0.39022673654713425,
      0.3839630996220194,
      0.38343900736047254,
      0.3890654026084435,
      0.39178502527606107,
      0.39555018951187826,
      0.4003019509970381
    ],
    "mrr": [
      0.5244444444444445,
      0.6,
      0.6148148148148147,
      0.628148148148148,
      0.636148148148148,
      0.6398518518518516,
      0.6404867724867723,
      0.6432645502645501,
      0.6442522045855378,
      0.6451410934744265
    ]
  },
  "k10": {
    "precision": 0.25288888888888916,
    "recall": 0.3639752811042624,
    "fscore": 0.2755835034012034,
    "map": 0.252095655892452,
    "ndcg": 0.4003019509970381,
    "mrr": 0.6451410934744265
  },
  "runtime_seconds": 29.010251998901367,
  "context_window": 8,
  "max_synonyms": 3
}