{"mrr@10":0.08328395061728394,"mrr":0.08328395061728394,"_timestamp":1.777483659296975e+09,"map":0.017429253800285545,"precision@10":0.030222222222222227,"ndcg":0.04071279657909234,"recall@10":0.04323909743546767,"ndcg@10":0.04071279657909234,"_wandb":{"runtime":3},"k":10,"map@10":0.017429253800285545,"_step":10,"precision":0.030222222222222227,"recall":0.04323909743546767,"_runtime":3}