{"_step":10,"_timestamp":1.777483570506509e+09,"precision@10":0.10444444444444445,"k":10,"precision":0.10444444444444445,"recall":0.14306597597890078,"_wandb":{"runtime":2},"map@10":0.09521832745443855,"ndcg":0.15499885786282777,"recall@10":0.14306597597890078,"mrr":0.2682204585537919,"ndcg@10":0.15499885786282777,"_runtime":2,"mrr@10":0.2682204585537919,"map":0.09521832745443855}