{"precision":0.2817777777777778,"_step":10,"map":0.31710808488004255,"mrr":0.6977125220458553,"recall":0.40191038085248965,"ndcg":0.4465923722646414,"_runtime":2,"_wandb":{"runtime":2},"mrr@10":0.6977125220458553,"k":10,"ndcg@10":0.4465923722646414,"map@10":0.31710808488004255,"precision@10":0.2817777777777778,"recall@10":0.40191038085248965,"_timestamp":1.7774843892417371e+09}