{"ndcg":0.4465923722646414,"_timestamp":1.777483317594785e+09,"recall@10":0.40191038085248965,"_step":10,"precision@10":0.2817777777777778,"mrr":0.6977125220458553,"k":10,"precision":0.2817777777777778,"mrr@10":0.6977125220458553,"map@10":0.31710808488004255,"_wandb":{"runtime":6},"recall":0.40191038085248965,"ndcg@10":0.4465923722646414,"map":0.31710808488004255,"_runtime":6}