{"map":0.34417223901906446,"precision":0.2862222222222222,"_wandb":{"runtime":3},"mrr":0.7686067019400353,"precision@10":0.2862222222222222,"map@10":0.34417223901906446,"recall@10":0.41380205315813656,"k":10,"ndcg":0.47897940990814225,"recall":0.41380205315813656,"mrr@10":0.7686067019400353,"_timestamp":1.7774827962470968e+09,"_runtime":3,"ndcg@10":0.47897940990814225,"_step":10}