{"precision@10":0.2862222222222222,"recall":0.41380205315813656,"map@10":0.34417223901906446,"precision":0.2862222222222222,"_step":10,"map":0.34417223901906446,"mrr":0.7686067019400353,"_timestamp":1.7774838471523616e+09,"ndcg@10":0.47897940990814225,"k":10,"mrr@10":0.7686067019400353,"ndcg":0.47897940990814225,"_runtime":1,"recall@10":0.41380205315813656,"_wandb":{"runtime":1}}