{"ndcg":0.15600929758448184,"precision":0.10400000000000001,"mrr@10":0.2894867724867725,"map@10":0.09146703619719491,"_runtime":3,"_timestamp":1.7774837539043298e+09,"_wandb":{"runtime":3},"k":10,"recall@10":0.14352684816379702,"map":0.09146703619719491,"ndcg@10":0.15600929758448184,"precision@10":0.10400000000000001,"_step":10,"mrr":0.2894867724867725,"recall":0.14352684816379702}