{
  "lsa_components_requested": 250,
  "lsa_components_used": 250,
  "tfidf_weight": 0.5,
  "explained_variance_ratio_sum": 0.5534389019012451,
  "vectorizer": {
    "sublinear_tf": true,
    "max_df": 0.95,
    "min_df": 2,
    "norm": "l2",
    "ngram_range": [
      1,
      1
    ],
    "vocab_size": 3406
  },
  "precision": [
    0.7422222222222222,
    0.6088888888888889,
    0.5377777777777777,
    0.49,
    0.4480000000000001,
    0.4103703703703703,
    0.382857142857143,
    0.35777777777777775,
    0.3343209876543213,
    0.31199999999999994
  ],
  "recall": [
    0.12636312597037114,
    0.19919347036616528,
    0.2608253681105716,
    0.3075527986321196,
    0.3430922512036887,
    0.3704045824721604,
    0.3967604259750625,
    0.41664765014208094,
    0.4355818296279846,
    0.4469847661975879
  ],
  "fscore": [
    0.20711906147275777,
    0.2820548232797556,
    0.3273523815765905,
    0.35034711292455056,
    0.3594799489777009,
    0.35985129314663206,
    0.36029570227494173,
    0.3561444007820995,
    0.3499387963376629,
    0.34057417199506174
  ],
  "map": [
    0.12636312597037114,
    0.19365150307419798,
    0.2452135276997116,
    0.27815315143835484,
    0.30143046897469883,
    0.3176228094477411,
    0.33339635377870835,
    0.34431012978950487,
    0.35294540019999887,
    0.3582995793541779
  ],
  "ndcg": [
    0.5955555555555555,
    0.5498662349139374,
    0.5161236447878067,
    0.5098611073174386,
    0.506737294352308,
    0.5053160549181978,
    0.5069821419542655,
    0.5085077406338756,
    0.5119324513544896,
    0.5134336248421849
  ],
  "mrr": [
    0.7422222222222222,
    0.7777777777777778,
    0.7896296296296295,
    0.795185185185185,
    0.7978518518518518,
    0.8008148148148145,
    0.8014497354497353,
    0.803116402116402,
    0.8041040564373897,
    0.8045485008818339
  ]
}