{
  "best_parameter": {
    "top_docs": 15,
    "keep_k": 12,
    "alpha": 0.2
  },
  "metrics_by_k": {
    "precision": [
      0.6666666666666666,
      0.5555555555555556,
      0.4903703703703705,
      0.4388888888888889,
      0.3911111111111112,
      0.36222222222222217,
      0.3346031746031749,
      0.3161111111111111,
      0.29975308641975346,
      0.28400000000000014
    ],
    "recall": [
      0.11103612581003769,
      0.18402947131710876,
      0.23131724539373733,
      0.2670304152200348,
      0.2921588937753665,
      0.3275656290154351,
      0.34855185788145826,
      0.3701418279465573,
      0.393336406788195,
      0.4098452523487647
    ],
    "fscore": [
      0.18321531181875003,
      0.25989347079898506,
      0.2926899202708475,
      0.3075482705604459,
      0.30900709937558324,
      0.317215201828128,
      0.31506481607802567,
      0.31476701286727476,
      0.3144422455186211,
      0.3107009816201581
    ],
    "map": [
      0.11103612581003769,
      0.176148959853264,
      0.21413075892285124,
      0.23963840265372546,
      0.2542237407951754,
      0.270585103712094,
      0.281453381449778,
      0.2917815213959649,
      0.30011936974143866,
      0.3066450959096934
    ],
    "ndcg": [
      0.5277777777777778,
      0.4877169241929897,
      0.4633762574964187,
      0.45065705183766824,
      0.4402774634289705,
      0.44413894109292085,
      0.4450352936137362,
      0.4509114411941171,
      0.45767124753647753,
      0.46166999655312
    ],
    "mrr": [
      0.6666666666666666,
      0.7111111111111111,
      0.7244444444444446,
      0.7311111111111113,
      0.7364444444444446,
      0.7423703703703705,
      0.7436402116402118,
      0.7441957671957673,
      0.7461710758377428,
      0.746615520282187
    ]
  },
  "k10": {
    "precision": 0.28400000000000014,
    "recall": 0.4098452523487647,
    "fscore": 0.3107009816201581,
    "map": 0.3066450959096934,
    "ndcg": 0.46166999655312,
    "mrr": 0.746615520282187
  },
  "runtime_seconds": 357.5246114730835,
  "avg_reduced_query_len": 9.373333333333333
}