{
  "dataset": "/home/crimson/Projects/Acads/NLP/Project/NLP_ASSIGNMENT2/cranfield",
  "best_n": 2,
  "tested_n_values": [
    2,
    3,
    4,
    5,
    6,
    7,
    8
  ],
  "methods": {
    "baseline_tfidf": {
      "k10": {
        "precision": 0.2835555555555557,
        "recall": 0.40999451439276363,
        "fscore": 0.31032959994045994,
        "map": 0.3025772846456973,
        "ndcg": 0.4589211350766685,
        "mrr": 0.7368377425044094
      },
      "metrics_by_k": {
        "precision": [
          0.6488888888888888,
          0.5466666666666666,
          0.48592592592592615,
          0.43444444444444447,
          0.38577777777777794,
          0.35851851851851846,
          0.33396825396825425,
          0.31666666666666665,
          0.29975308641975346,
          0.2835555555555557
        ],
        "recall": [
          0.10919181807099311,
          0.1808846901723276,
          0.228655709398868,
          0.2645503767399963,
          0.2883589899754627,
          0.3241227385725446,
          0.348107742542606,
          0.3713727081774375,
          0.3931739889591105,
          0.40999451439276363
        ],
        "fscore": [
          0.17995605255949076,
          0.2553472762527905,
          0.2892895675371615,
          0.30446858481409356,
          0.3048472553210024,
          0.3139135465213128,
          0.3146879496619435,
          0.3156957719630819,
          0.31440487254474014,
          0.31032959994045994
        ],
        "map": [
          0.10919181807099311,
          0.1728968396537754,
          0.21083802090496695,
          0.23545837908188896,
          0.24881274079236254,
          0.2650467742486182,
          0.2771464162778169,
          0.2883490910459071,
          0.29666185610703816,
          0.3025772846456973
        ],
        "ndcg": [
          0.5188888888888888,
          0.480851773712128,
          0.4586421306186382,
          0.44551456384575994,
          0.43517543010687126,
          0.4393412623021309,
          0.44188454174874475,
          0.44888521657621694,
          0.4552953198502894,
          0.4589211350766685
        ],
        "mrr": [
          0.6488888888888888,
          0.6977777777777778,
          0.7140740740740742,
          0.7207407407407408,
          0.726962962962963,
          0.7321481481481483,
          0.7334179894179895,
          0.7339735449735452,
          0.7359488536155205,
          0.7368377425044094
        ]
      },
      "runtime_seconds": 1.5392460823059082
    },
    "ngram_best": {
      "best_n": 2,
      "k10": {
        "precision": 0.27600000000000025,
        "recall": 0.39938584110955927,
        "fscore": 0.30216025649388056,
        "map": 0.30436903331698445,
        "ndcg": 0.46380427403104374,
        "mrr": 0.747915343915344
      },
      "metrics_by_k": {
        "precision": [
          0.6533333333333333,
          0.5688888888888889,
          0.4992592592592595,
          0.4388888888888889,
          0.3991111111111114,
          0.36666666666666653,
          0.3384126984126988,
          0.31333333333333335,
          0.2958024691358026,
          0.27600000000000025
        ],
        "recall": [
          0.11094395045767588,
          0.1869282374021494,
          0.23640373988489705,
          0.270383155810774,
          0.3031162770956196,
          0.3297412967153762,
          0.3484679595224312,
          0.3692548904564209,
          0.3892492536592464,
          0.39938584110955927
        ],
        "fscore": [
          0.1818371750680642,
          0.2645194949296532,
          0.29880693638748224,
          0.310239988840606,
          0.31889477097271784,
          0.3206908334006863,
          0.31725469607295653,
          0.3131579899060253,
          0.3108826985616794,
          0.30216025649388056
        ],
        "map": [
          0.11094395045767588,
          0.1780153066924588,
          0.21730902257989373,
          0.2399713384630202,
          0.2592457105787717,
          0.27339897716274003,
          0.28276244815590296,
          0.29218195779477524,
          0.3002032440590382,
          0.30436903331698445
        ],
        "ndcg": [
          0.5466666666666666,
          0.5068463956729539,
          0.4773993774606005,
          0.46219063731660504,
          0.4565540977340099,
          0.4534786770972301,
          0.45430159580878743,
          0.4563910386703567,
          0.4623057494588195,
          0.46380427403104374
        ],
        "mrr": [
          0.6533333333333333,
          0.7133333333333334,
          0.7281481481481482,
          0.737037037037037,
          0.7405925925925927,
          0.7428148148148149,
          0.7459894179894181,
          0.7459894179894181,
          0.7474708994708995,
          0.747915343915344
        ]
      },
      "runtime_seconds": 20.266234159469604
    }
  },
  "delta_best_vs_baseline_at_10": {
    "precision": -0.007555555555555482,
    "recall": -0.010608673283204362,
    "fscore": -0.00816934344657938,
    "map": 0.0017917486712871744,
    "ndcg": 0.004883138954375255,
    "mrr": 0.011077601410934612
  },
  "paths": {
    "summary_json": "/home/crimson/Projects/Acads/NLP/Project/NLP_ASSIGNMENT2/project/ritisha/ngram/output_ngram/summary.json",
    "summary_csv": "/home/crimson/Projects/Acads/NLP/Project/NLP_ASSIGNMENT2/project/ritisha/ngram/output_ngram/summary_k10.csv",
    "n_sweep_json": "/home/crimson/Projects/Acads/NLP/Project/NLP_ASSIGNMENT2/project/ritisha/ngram/output_ngram/n_sweep_results.json",
    "n_sweep_csv": "/home/crimson/Projects/Acads/NLP/Project/NLP_ASSIGNMENT2/project/ritisha/ngram/output_ngram/n_sweep_results.csv",
    "overlay_plot": "/home/crimson/Projects/Acads/NLP/Project/NLP_ASSIGNMENT2/project/ritisha/ngram/output_ngram/eval_overlay.png",
    "all_configs_overlay": "/home/crimson/Projects/Acads/NLP/Project/NLP_ASSIGNMENT2/project/ritisha/ngram/output_ngram/all_tuned_combinations_overlay.png",
    "n_sweep_plot": "/home/crimson/Projects/Acads/NLP/Project/NLP_ASSIGNMENT2/project/ritisha/ngram/output_ngram/n_sweep_k10.png"
  }
}