{"mrr@10":0.6977125220458553,"ndcg@10":0.4465923722646414,"recall":0.40191038085248965,"map@10":0.31710808488004255,"precision@10":0.2817777777777778,"ndcg":0.4465923722646414,"_step":10,"map":0.31710808488004255,"_timestamp":1.777482590536162e+09,"_runtime":2,"recall@10":0.40191038085248965,"mrr":0.6977125220458553,"k":10,"_wandb":{"runtime":2},"precision":0.2817777777777778}