{"precision":0.2862222222222222,"precision@10":0.2862222222222222,"map@10":0.34417223901906446,"mrr@10":0.7686067019400353,"_step":10,"_runtime":1,"mrr":0.7686067019400353,"k":10,"ndcg":0.47897940990814225,"_wandb":{"runtime":1},"recall":0.41380205315813656,"recall@10":0.41380205315813656,"map":0.34417223901906446,"_timestamp":1.7774824247858105e+09,"ndcg@10":0.47897940990814225}