{
  "1": {
    "precision": 0.64,
    "recall": 0.1125008423800175,
    "fscore": 0.18403046417776214,
    "map": 0.1125008423800175,
    "ndcg": 0.5055555555555555,
    "mrr": 0.64
  },
  "2": {
    "precision": 0.5444444444444444,
    "recall": 0.18263556275653353,
    "fscore": 0.25757309618449314,
    "map": 0.17660940794967697,
    "ndcg": 0.47108976359763344,
    "mrr": 0.6866666666666666
  },
  "3": {
    "precision": 0.47259259259259256,
    "recall": 0.22773537244986303,
    "fscore": 0.28627122569477426,
    "map": 0.21177133444519183,
    "ndcg": 0.44754804551818184,
    "mrr": 0.7074074074074074
  },
  "4": {
    "precision": 0.4266666666666667,
    "recall": 0.26332550767211454,
    "fscore": 0.30171337955411,
    "map": 0.2366164526442992,
    "ndcg": 0.43722208374679666,
    "mrr": 0.7151851851851851
  },
  "5": {
    "precision": 0.392,
    "recall": 0.2961031267392073,
    "fscore": 0.31200453236922926,
    "map": 0.25442207853238125,
    "ndcg": 0.4349065571808018,
    "mrr": 0.724074074074074
  },
  "6": {
    "precision": 0.3622222222222222,
    "recall": 0.32306010984324923,
    "fscore": 0.3157865664036206,
    "map": 0.26875193271354264,
    "ndcg": 0.4367286614723359,
    "mrr": 0.727037037037037
  },
  "7": {
    "precision": 0.3377777777777778,
    "recall": 0.34758482949541986,
    "fscore": 0.31694109257071096,
    "map": 0.2809165083080902,
    "ndcg": 0.44008926234365486,
    "mrr": 0.7289417989417989
  },
  "8": {
    "precision": 0.31666666666666665,
    "recall": 0.3687721671292185,
    "fscore": 0.31536453907006473,
    "map": 0.29081069605050847,
    "ndcg": 0.4441553813770027,
    "mrr": 0.7294973544973545
  },
  "9": {
    "precision": 0.2938271604938272,
    "recall": 0.3811825400533169,
    "fscore": 0.3073181240779742,
    "map": 0.295902596653738,
    "ndcg": 0.4460506627232346,
    "mrr": 0.7304850088183422
  },
  "10": {
    "precision": 0.27644444444444444,
    "recall": 0.3959033377741146,
    "fscore": 0.30197979175138623,
    "map": 0.30121031609479076,
    "ndcg": 0.4489198795622936,
    "mrr": 0.7304850088183422
  }
}