{
  "metrics_by_k": {
    "precision": [
      0.5288888888888889,
      0.47555555555555556,
      0.4192592592592594,
      0.38,
      0.3493333333333338,
      0.31777777777777766,
      0.3003174603174607,
      0.2866666666666667,
      0.26864197530864214,
      0.2546666666666669
    ],
    "recall": [
      0.08636584593129552,
      0.15124184270140995,
      0.19611975804477488,
      0.22984693731841518,
      0.2604117392682746,
      0.28243201301661863,
      0.30729892523905206,
      0.33091292806151723,
      0.3493684188307333,
      0.36512291741856523
    ],
    "fscore": [
      0.14195516402403052,
      0.21491375141403712,
      0.24814695366153336,
      0.26388680285660393,
      0.2745125832889101,
      0.27486159363430795,
      0.2793651677110454,
      0.28282074757882203,
      0.27997176100288296,
      0.2770390728410244
    ],
    "map": [
      0.08636584593129552,
      0.1387431583791962,
      0.17158875273509047,
      0.19112168349716518,
      0.2083977958479902,
      0.2204630768957274,
      0.23147718274390383,
      0.24091160128803585,
      0.24716211104617092,
      0.25274468957874946
    ],
    "ndcg": [
      0.43,
      0.4121172028605662,
      0.39259336308334647,
      0.3898854170913714,
      0.3855692182893012,
      0.3842295430887748,
      0.38792994207544873,
      0.39326448926682306,
      0.3975813294721063,
      0.4016589698701735
    ],
    "mrr": [
      0.5288888888888889,
      0.6044444444444445,
      0.6177777777777776,
      0.6322222222222221,
      0.6384444444444444,
      0.6414074074074073,
      0.6445820105820103,
      0.6468042328042325,
      0.6477918871252202,
      0.648680776014109
    ]
  },
  "k10": {
    "precision": 0.2546666666666669,
    "recall": 0.36512291741856523,
    "fscore": 0.2770390728410244,
    "map": 0.25274468957874946,
    "ndcg": 0.4016589698701735,
    "mrr": 0.648680776014109
  },
  "runtime_seconds": 29.736970901489258,
  "context_window": 10,
  "max_synonyms": 3
}