{
  "source": "pretrained",
  "source_label": "pretrained:glove-wiki-gigaword-100",
  "metrics_by_k": {
    "precision": [
      0.6311111111111111,
      0.5377777777777778,
      0.4785185185185186,
      0.42777777777777776,
      0.3813333333333335,
      0.3474074074074074,
      0.32190476190476225,
      0.3011111111111111,
      0.2874074074074076,
      0.26844444444444454
    ],
    "recall": [
      0.1066215426673844,
      0.17510535867279042,
      0.22625162117457415,
      0.25970966806595425,
      0.2892051127084578,
      0.31309627872243084,
      0.3365817068745257,
      0.3565372117908149,
      0.37707449862688464,
      0.3887237606708836
    ],
    "fscore": [
      0.1755594292952393,
      0.24810982274651983,
      0.28554647808264827,
      0.29879867872313487,
      0.30337815422953845,
      0.30373834055539467,
      0.30392301445445596,
      0.3016591741986914,
      0.3015431647186502,
      0.2938545408307041
    ],
    "map": [
      0.1066215426673844,
      0.16596893872496696,
      0.20687652647414412,
      0.23106436086197843,
      0.24669037544289502,
      0.25896094762574795,
      0.26958455946364546,
      0.2778832833885948,
      0.2868431082769901,
      0.29080625224802875
    ],
    "ndcg": [
      0.5033333333333333,
      0.4730865071224425,
      0.450241060810008,
      0.43811783146796346,
      0.429399290301482,
      0.4282028280811605,
      0.43106534574495886,
      0.43391426446689463,
      0.4397475555331032,
      0.441934155921701
    ],
    "mrr": [
      0.6311111111111111,
      0.6955555555555556,
      0.7074074074074075,
      0.711851851851852,
      0.7154074074074074,
      0.7198518518518519,
      0.7211216931216933,
      0.7244550264550266,
      0.725936507936508,
      0.7268253968253968
    ]
  },
  "k10": {
    "precision": 0.26844444444444454,
    "recall": 0.3887237606708836,
    "fscore": 0.2938545408307041,
    "map": 0.29080625224802875,
    "ndcg": 0.441934155921701,
    "mrr": 0.7268253968253968
  },
  "runtime_seconds": 2.368480682373047,
  "vector_size": 100,
  "present_in_model": 3206,
  "model_coverage": 0.4573466476462197,
  "represented_terms": 3206,
  "representation_coverage": 0.4573466476462197,
  "retained_neighbor_edges": 25038,
  "avg_neighbors_per_term": 10.0,
  "per_query": {
    "average_precision": [
      0.08045977011494253,
      0.11,
      0.8282627865961198,
      0.6666666666666666,
      0.06222222222222222,
      0.24444444444444446,
      0.30476190476190473,
      0.1111111111111111,
      0.0,
      0.2222222222222222,
      0.1607142857142857,
      0.06666666666666667,
      0.2,
      0.12962962962962962,
      0.39999999999999997,
      0.5,
      0.5555555555555555,
      0.18333333333333335,
      0.0,
      0.4238888888888888,
      0.2333333333333333,
      0.0,
      0.14736652236652237,
      0.6071428571428571,
      0.4708333333333333,
      0.15476190476190474,
      0.11309523809523808,
      0.0,
      0.24861111111111106,
      0.043402777777777776,
      0.5,
      0.14285714285714285,
      0.75,
      0.27619047619047615,
      0.0,
      0.3333333333333333,
      0.0125,
      0.07142857142857142,
      0.03571428571428571,
      0.10576923076923077,
      0.5,
      0.42857142857142855,
      0.3873015873015873,
      0.0,
      0.22985347985347987,
      0.3307291666666667,
      0.2642857142857143,
      0.20138888888888887,
      0.6666666666666666,
      0.014285714285714287,
      0.39848484848484844,
      0.9428571428571428,
      0.09090909090909091,
      0.16666666666666666,
      0.18560606060606058,
      0.13636363636363635,
      0.05555555555555555,
      0.2344444444444444,
      0.2323809523809524,
      0.6333333333333333,
      0.4611111111111111,
      0.0,
      0.0,
      0.0,
      0.36607142857142855,
      0.020833333333333332,
      0.45185185185185184,
      0.27777777777777773,
      0.0,
      0.1212121212121212,
      0.1111111111111111,
      0.05555555555555555,
      0.21428571428571427,
      0.05952380952380952,
      0.0,
      0.14583333333333331,
      0.5785714285714285,
      0.5,
      0.041666666666666664,
      0.2,
      0.28690476190476194,
      0.2333333333333333,
      0.2,
      0.13333333333333333,
      0.0,
      0.8666666666666667,
      0.05555555555555555,
      0.8736394557823128,
      0.05238095238095238,
      0.08333333333333333,
      0.08333333333333333,
      0.3863095238095238,
      1.0,
      0.3626373626373626,
      0.3333333333333333,
      0.21428571428571427,
      0.06666666666666667,
      0.08333333333333333,
      0.48571428571428565,
      0.3,
      0.7329931972789115,
      0.3,
      0.3333333333333333,
      0.16666666666666666,
      0.6666666666666666,
      0.22142857142857142,
      0.375,
      0.5277777777777778,
      0.018518518518518517,
      0.2,
      0.2631448412698413,
      0.6666666666666666,
      0.025,
      0.27999999999999997,
      0.0,
      0.018518518518518517,
      0.0,
      0.03571428571428571,
      0.225,
      0.5047619047619047,
      0.6875,
      0.1773015873015873,
      0.3333333333333333,
      0.2,
      0.08333333333333333,
      0.1,
      0.020833333333333332,
      0.3333333333333333,
      0.5,
      0.7037037037037037,
      0.08333333333333333,
      0.38526785714285716,
      0.0125,
      0.5555555555555555,
      0.48395061728395056,
      0.3214285714285714,
      0.42000000000000004,
      0.27777777777777773,
      0.03333333333333333,
      0.2755102040816327,
      0.2993197278911564,
      0.5,
      0.3,
      0.7214285714285714,
      0.2375,
      1.0,
      0.3246753246753247,
      0.5714285714285714,
      0.18888888888888888,
      1.0,
      0.0,
      0.0,
      0.425,
      0.49999999999999994,
      0.3095238095238095,
      0.44666666666666666,
      0.06777777777777778,
      0.1111111111111111,
      0.15555555555555556,
      0.19999999999999998,
      0.3469387755102041,
      0.037037037037037035,
      0.6875,
      0.32407407407407407,
      0.5555555555555555,
      0.1111111111111111,
      0.0,
      0.5555555555555555,
      0.2571428571428571,
      0.5428571428571428,
      0.65,
      1.0,
      1.0,
      0.13095238095238096,
      0.16666666666666666,
      0.0625,
      0.7708333333333334,
      0.24166666666666664,
      0.55,
      0.34375,
      0.16666666666666666,
      0.8333333333333334,
      0.5545634920634921,
      0.03125,
      0.5380952380952382,
      0.19542483660130716,
      0.3469387755102041,
      0.31666666666666665,
      0.1,
      0.3444444444444444,
      0.3625,
      0.8,
      0.5380952380952382,
      0.14285714285714285,
      0.25,
      0.11538461538461539,
      0.8541666666666666,
      0.2333333333333333,
      0.027777777777777776,
      0.75,
      0.20588235294117646,
      0.3777777777777778,
      0.1,
      0.02222222222222222,
      0.5555555555555555,
      0.25,
      0.0,
      0.5714285714285714,
      0.0705128205128205,
      0.42857142857142855,
      0.011904761904761904,
      0.3722222222222222,
      0.4354166666666666,
      0.3933333333333333,
      0.3333333333333333,
      0.0,
      0.049107142857142856,
      0.08035714285714285,
      0.043859649122807015,
      0.05,
      0.1087719298245614,
      0.5380952380952382,
      0.27999999999999997,
      0.013888888888888888,
      0.09333333333333334
    ],