{"_step":10,"map@10":0.1539672594552224,"k":10,"ndcg@10":0.2493242405062142,"mrr":0.4713121693121693,"precision@10":0.14311111111111113,"map":0.1539672594552224,"_wandb":{"runtime":6},"_timestamp":1.777484277489413e+09,"mrr@10":0.4713121693121693,"recall":0.2152734968902187,"precision":0.14311111111111113,"_runtime":6,"ndcg":0.2493242405062142,"recall@10":0.2152734968902187}