{"mrr":0.06871428571428571,"_wandb":{"runtime":3},"_step":10,"precision@10":0.024444444444444446,"map":0.013381834215167547,"ndcg":0.033080238672911134,"precision":0.024444444444444446,"k":10,"ndcg@10":0.033080238672911134,"mrr@10":0.06871428571428571,"_runtime":3,"recall@10":0.035527123014781815,"map@10":0.013381834215167547,"recall":0.035527123014781815,"_timestamp":1.7774837242994974e+09}