{
  "config": {
    "segmenter": "punkt",
    "tokenizer": "ptb",
    "vectorizer": {
      "sublinear_tf": true,
      "max_df": 0.9,
      "min_df": 1,
      "norm": "l2",
      "ngram_range": [
        1,
        2
      ]
    },
    "lsa": {
      "requested_components": 250,
      "used_components": 250,
      "explained_variance_ratio_sum": 0.29668039083480835
    },
    "hybrid": {
      "requested_components": 240,
      "used_components": 240,
      "tfidf_weight": 0.2,
      "explained_variance_ratio_sum": 0.28807786107063293
    },
    "esa": {
      "requested_top_concepts": 25,
      "used_top_concepts": 25,
      "min_similarity": 0.0,
      "avg_active_concepts": 25.0,
      "concept_density": 0.017857142857142856,
      "vocab_size": 81756
    }
  },
  "metrics": {
    "tfidf": {
      "precision": [
        0.6488888888888888,
        0.5466666666666666,
        0.48592592592592615,
        0.43444444444444447,
        0.38577777777777794,
        0.35851851851851846,
        0.33396825396825425,
        0.31666666666666665,
        0.29975308641975346,
        0.2835555555555557
      ],
      "recall": [
        0.10919181807099311,
        0.1808846901723276,
        0.228655709398868,
        0.2645503767399963,
        0.2883589899754627,
        0.3241227385725446,
        0.348107742542606,
        0.3713727081774375,
        0.3931739889591105,
        0.40999451439276363
      ],
      "fscore": [
        0.17995605255949076,
        0.2553472762527905,
        0.2892895675371615,
        0.30446858481409356,
        0.3048472553210024,
        0.3139135465213128,
        0.3146879496619435,
        0.3156957719630819,
        0.31440487254474014,
        0.31032959994045994
      ],
      "map": [
        0.10919181807099311,
        0.1728968396537754,
        0.21083802090496695,
        0.23545837908188896,
        0.24881274079236254,
        0.2650467742486182,
        0.2771464162778169,
        0.2883490910459071,
        0.29666185610703816,
        0.3025772846456973
      ],
      "ndcg": [
        0.5188888888888888,
        0.480851773712128,
        0.4586421306186382,
        0.44551456384575994,
        0.43517543010687126,
        0.4393412623021309,
        0.44188454174874475,
        0.44888521657621694,
        0.4552953198502894,
        0.4589211350766685
      ],
      "mrr": [
        0.6488888888888888,
        0.6977777777777778,
        0.7140740740740742,
        0.7207407407407408,
        0.726962962962963,
        0.7321481481481483,
        0.7334179894179895,
        0.7339735449735452,
        0.7359488536155205,
        0.7368377425044094
      ]
    },
    "lsa": {
      "precision": [
        0.7155555555555555,
        0.6244444444444445,
        0.5555555555555555,
        0.49333333333333335,
        0.4515555555555558,
        0.4222222222222222,
        0.39111111111111135,
        0.36777777777777776,
        0.3441975308641978,
        0.32844444444444443
      ],
      "recall": [
        0.11832448559839744,
        0.20544108032223762,
        0.2649856764793423,
        0.3046880582431276,
        0.3431692825380775,
        0.37692958605856747,
        0.4023115806072286,
        0.4277624708475925,
        0.4447674992376784,
        0.4680610802057905
      ],
      "fscore": [
        0.19536475405178363,
        0.2910549754419305,
        0.3349646984345213,
        0.3498137794038704,
        0.3617279837774387,
        0.3688571166454365,
        0.3677366489183623,
        0.36647938555587517,
        0.3599000635626095,
        0.3582384694127523
      ],
      "map": [
        0.11832448559839744,
        0.19925890139005864,
        0.24831799128387935,
        0.27696998224288777,
        0.30386082618471216,
        0.32353481138303203,
        0.33815208388125684,
        0.35162284135640043,
        0.36084611127507255,
        0.37032900648812506
      ],
      "ndcg": [
        0.5744444444444444,
        0.5426678911117874,
        0.5203982950879118,
        0.5066559683616184,
        0.5018454942224215,
        0.5060820571007021,
        0.5067016658211977,
        0.5121081409896637,
        0.5139885021608542,
        0.5210070564221271
      ],
      "mrr": [
        0.7155555555555555,
        0.7488888888888889,
        0.7666666666666668,
        0.7722222222222224,
        0.774,
        0.7784444444444446,
        0.7784444444444446,
        0.7795555555555557,
        0.7795555555555557,
        0.7804444444444445
      ]
    },
    "hybrid": {
      "precision": [
        0.7288888888888889,
        0.6155555555555555,
        0.5555555555555557,
        0.49666666666666665,
        0.45066666666666694,
        0.41703703703703704,
        0.3898412698412702,
        0.36777777777777776,
        0.3446913580246915,
        0.324
      ],
      "recall": [
        0.12074715552106736,
        0.20007600095715827,
        0.26769822064016235,
        0.3079849031060199,
        0.34448235627014,
        0.3740984957713368,
        0.401691240258818,
        0.4250589839063562,
        0.4487095863902921,
        0.4669214591342809
      ],
      "fscore": [
        0.1991997991809464,
        0.284742004462293,
        0.33746743729772527,
        0.3532974692166309,
        0.3615259057901497,
        0.36523954608927106,
        0.36659405013228524,
        0.3654836688963507,
        0.3612716046370189,
        0.35514404578268005
      ],
      "map": [
        0.12074715552106736,
        0.19461132982582038,
        0.24766162349245419,
        0.2784226581280661,
        0.3039141074195154,
        0.3221181170468966,
        0.3372756181830945,
        0.35116356488187755,
        0.36117729669190574,
        0.36908039294956596
      ],
      "ndcg": [
        0.5866666666666667,
        0.5458179626217762,
        0.524550389538109,
        0.5142126323305399,
        0.5051463349568871,
        0.5060909512957457,
        0.5085332621145304,
        0.5127326921164849,
        0.5181141025089893,
        0.5221091059333648
      ],
      "mrr": [
        0.7288888888888889,
        0.7622222222222222,
        0.78,
        0.7822222222222223,
        0.7822222222222223,
        0.7837037037037038,
        0.7875132275132275,
        0.7886243386243386,
        0.7891181657848324,
        0.7895626102292769
      ]
    },
    "esa": {
      "precision": [
        0.6844444444444444,
        0.5822222222222222,
        0.5214814814814815,
        0.4633333333333333,
        0.43022222222222245,
        0.40074074074074095,
        0.37714285714285734,
        0.3561111111111111,
        0.33530864197530896,
        0.3133333333333332
      ],
      "recall": [
        0.11362713718265827,
        0.18954249039679455,
        0.2471632704777611,
        0.2883857614943699,
        0.32448483553990515,
        0.35660941240506067,
        0.38675997561702735,
        0.40999594239945486,
        0.43174934587124913,
        0.44557579901142785
      ],
      "fscore": [
        0.18725498765718748,
        0.2695019765512817,
        0.31328055881672906,
        0.3306951658745958,
        0.34320562140547795,
        0.3490780821331047,
        0.35316818621856755,
        0.35259997523743675,
        0.3496911752826548,
        0.34125741617509087
      ],
      "map": [
        0.11362713718265827,
        0.18243139034316574,
        0.22881613251247682,
        0.25648322123348705,
        0.28080882542696783,
        0.2986014634881787,
        0.31446190950276026,
        0.32628219071238657,
        0.33700947473341253,
        0.3431486913628252
      ],
      "ndcg": [
        0.5522222222222222,
        0.5118622585997928,
        0.4927849932661945,
        0.48277535948301376,
        0.4800265457455471,
        0.4808557102778671,
        0.4846357728700238,
        0.49045213883410693,
        0.4958366686421103,
        0.4979578817772783
      ],