{
  "esa_top_concepts_requested": 25,
  "esa_top_concepts_used": 25,
  "esa_min_similarity": 0.0,
  "avg_active_concepts": 25.0,
  "concept_density": 0.017857142857142856,
  "vectorizer": {
    "sublinear_tf": true,
    "max_df": 0.9,
    "min_df": 1,
    "norm": "l2",
    "ngram_range": [
      1,
      2
    ],
    "vocab_size": 81756
  },
  "precision": [
    0.6844444444444444,
    0.5822222222222222,
    0.5214814814814815,
    0.4633333333333333,
    0.43022222222222245,
    0.40074074074074095,
    0.37714285714285734,
    0.3561111111111111,
    0.33530864197530896,
    0.3133333333333332
  ],
  "recall": [
    0.11362713718265827,
    0.18954249039679455,
    0.2471632704777611,
    0.2883857614943699,
    0.32448483553990515,
    0.35660941240506067,
    0.38675997561702735,
    0.40999594239945486,
    0.43174934587124913,
    0.44557579901142785
  ],
  "fscore": [
    0.18725498765718748,
    0.2695019765512817,
    0.31328055881672906,
    0.3306951658745958,
    0.34320562140547795,
    0.3490780821331047,
    0.35316818621856755,
    0.35259997523743675,
    0.3496911752826548,
    0.34125741617509087
  ],
  "map": [
    0.11362713718265827,
    0.18243139034316574,
    0.22881613251247682,
    0.25648322123348705,
    0.28080882542696783,
    0.2986014634881787,
    0.31446190950276026,
    0.32628219071238657,
    0.33700947473341253,
    0.3431486913628252
  ],
  "ndcg": [
    0.5522222222222222,
    0.5118622585997928,
    0.4927849932661945,
    0.48277535948301376,
    0.4800265457455471,
    0.4808557102778671,
    0.4846357728700238,
    0.49045213883410693,
    0.4958366686421103,
    0.4979578817772783
  ],
  "mrr": [
    0.6844444444444444,
    0.7333333333333333,
    0.7466666666666668,
    0.7533333333333334,
    0.756888888888889,
    0.7605925925925927,
    0.761862433862434,
    0.7635291005291007,
    0.7640229276895945,
    0.7653562610229279
  ]
}