{
  "source": "finetuned",
  "source_label": "finetuned:glove-wiki-gigaword-100",
  "metrics_by_k": {
    "precision": [
      0.4488888888888889,
      0.4111111111111111,
      0.3644444444444446,
      0.3233333333333333,
      0.29777777777777814,
      0.2711111111111111,
      0.2546031746031749,
      0.2361111111111111,
      0.22123456790123464,
      0.21111111111111128
    ],
    "recall": [
      0.0714262647197845,
      0.1310691224430343,
      0.17570694408810145,
      0.202754145615695,
      0.23228851503512185,
      0.2512485259755251,
      0.27159504802083023,
      0.2855089674347496,
      0.2974985457576614,
      0.31349884973835757
    ],
    "fscore": [
      0.11810753941685999,
      0.18684547776771354,
      0.2202398915243903,
      0.23041629950280762,
      0.2403592099051243,
      0.2401999093620793,
      0.24239936477522228,
      0.23865557211610738,
      0.23453919262984915,
      0.23377604010057879
    ],
    "map": [
      0.0714262647197845,
      0.11697777243501772,
      0.1464258241101219,
      0.16396652505768572,
      0.17967949880169382,
      0.1878073050308073,
      0.19641548682400797,
      0.20142233799752576,
      0.2051443998862543,
      0.2104712071385517
    ],
    "ndcg": [
      0.35333333333333333,
      0.3517190525433559,
      0.33941526772525443,
      0.3304582555117022,
      0.32950398675478304,
      0.3295577680141011,
      0.3334342414647962,
      0.334209581591047,
      0.337659669353303,
      0.342049426438754
    ],
    "mrr": [
      0.4488888888888889,
      0.5244444444444445,
      0.5451851851851851,
      0.5551851851851851,
      0.5614074074074074,
      0.5658518518518518,
      0.5702962962962962,
      0.573074074074074,
      0.5750493827160494,
      0.5759382716049383
    ]
  },
  "k10": {
    "precision": 0.21111111111111128,
    "recall": 0.31349884973835757,
    "fscore": 0.23377604010057879,
    "map": 0.2104712071385517,
    "ndcg": 0.342049426438754,
    "mrr": 0.5759382716049383
  },
  "runtime_seconds": 2.669297695159912,
  "vector_size": 100,
  "present_in_model": 7010,
  "model_coverage": 1.0,
  "avg_in_vocab_tokens_per_doc": 93.21214285714285,
  "avg_in_vocab_tokens_per_query": 10.03111111111111,
  "zero_vector_docs": 2,
  "zero_vector_queries": 0,
  "per_query": {
    "average_precision": [
      0.09786535303776682,
      0.06666666666666667,
      0.6388888888888888,
      0.5555555555555555,
      0.04,
      0.0,
      0.19999999999999998,
      0.16666666666666666,
      0.0,
      0.2222222222222222,
      0.125,
      0.34920634920634913,
      0.2,
      0.1111111111111111,
      0.6666666666666666,
      0.08333333333333333,
      0.03333333333333333,
      0.0,
      0.0,
      0.1375,
      0.17666666666666667,
      0.0,
      0.030303030303030304,
      0.13333333333333333,
      0.20047619047619047,
      0.015873015873015872,
      0.225,
      0.0,
      0.21749999999999997,
      0.0,
      0.5,
      0.14285714285714285,
      0.47916666666666663,
      0.05215419501133787,
      0.3,
      0.5555555555555555,
      0.0,
      0.0,
      0.014285714285714287,
      0.0,
      0.6875,
      0.43333333333333335,
      0.17142857142857143,
      0.0,
      0.15384615384615385,
      0.071875,
      0.13333333333333333,
      0.2642857142857143,
      0.1111111111111111,
      0.0,
      0.09090909090909091,
      0.18,
      0.01515151515151515,
      0.18,
      0.03838383838383838,
      0.18181818181818182,
      0.05555555555555555,
      0.16666666666666666,
      0.08444444444444445,
      0.5916666666666667,
      0.08888888888888889,
      0.0,
      0.0,
      0.0,
      0.33630952380952384,
      0.09722222222222221,
      0.35873015873015873,
      0.19999999999999998,
      0.041666666666666664,
      0.09090909090909091,
      0.05555555555555555,
      0.006172839506172839,
      0.07936507936507936,
      0.0,
      0.13888888888888887,
      0.06696428571428571,
      0.42687074829931976,
      0.1875,
      0.0,
      0.025,
      0.05555555555555555,
      0.3333333333333333,
      0.0,
      0.20833333333333334,
      0.0,
      0.16666666666666666,
      0.0,
      0.9571428571428572,
      0.0,
      0.13061224489795917,
      0.2,
      0.1261904761904762,
      0.7,
      0.3557692307692308,
      0.037037037037037035,
      0.06564625850340136,
      0.0,
      0.27777777777777773,
      0.2,
      0.014285714285714285,
      0.4563492063492064,
      0.4,
      0.3333333333333333,
      0.15,
      0.3333333333333333,
      0.08333333333333333,
      0.31101190476190477,
      0.45163690476190477,
      0.020833333333333332,
      0.0,
      0.3458333333333333,
      0.6666666666666666,
      0.0,
      0.073015873015873,
      0.0,
      0.03333333333333333,
      0.0,
      0.05,
      0.45,
      0.16666666666666666,
      0.16666666666666666,
      0.1375,
      0.15079365079365079,
      0.2,
      0.14135802469135803,
      0.2222222222222222,
      0.027777777777777776,
      0.3333333333333333,
      0.4464285714285714,
      0.8333333333333334,
      0.3074074074074074,
      0.4579861111111111,
      0.03888888888888889,
      0.1111111111111111,
      0.47777777777777775,
      0.41666666666666663,
      0.25,
      0.16666666666666666,
      0.06666666666666667,
      0.14285714285714285,
      0.07142857142857142,
      0.0,
      0.08333333333333333,
      0.1598639455782313,
      0.1357142857142857,
      0.9166666666666666,
      0.2863636363636364,
      0.5428571428571428,
      0.027777777777777776,
      1.0,
      0.0,
      0.02040816326530612,
      0.20833333333333331,
      0.5317460317460317,
      0.023809523809523808,
      0.23809523809523808,
      0.0775,
      0.018518518518518517,
      0.0,
      0.08333333333333333,
      0.16666666666666666,
      0.0,
      0.25,
      0.05246913580246913,
      0.5555555555555555,
      0.0,
      0.041666666666666664,
      0.6666666666666666,
      0.3657142857142857,
      0.14285714285714285,
      0.47916666666666663,
      1.0,
      0.9166666666666666,
      0.041666666666666664,
      0.20370370370370372,
      0.0625,
      0.9484126984126983,
      0.34571428571428575,
      0.15,
      0.475,
      0.2222222222222222,
      0.5888888888888889,
      0.2818877551020408,
      0.5158730158730158,
      0.5508730158730158,
      0.11204481792717086,
      0.38095238095238093,
      0.3645833333333333,
      0.01,
      0.023809523809523808,
      0.07619047619047618,
      0.48571428571428565,
      0.5940476190476189,
      0.02040816326530612,
      0.25,
      0.009615384615384616,
      0.3583333333333333,
      0.4,
      0.013888888888888888,
      0.0,
      0.19999999999999998,
      0.08888888888888888,
      0.03148148148148148,
      0.06666666666666667,
      0.5555555555555555,
      0.25,
      0.0,
      0.7476190476190475,
      0.026373626373626374,
      0.2857142857142857,
      0.0,
      0.3733333333333333,
      0.5610119047619048,
      0.3333333333333333,
      0.5555555555555555,
      0.0,
      0.028125,
      0.09375,
      0.0,
      0.11666666666666667,
      0.08771929824561403,
      0.29,
      0.2,
      0.037037037037037035,
      0.08
    ],