{
  "dataset": "C:\\Users\\sudhi\\OneDrive\\Desktop\\CS6370-NLP\\project\\NLP_ASSIGNMENT2\\cranfield",
  "best_config": {
    "vector_size": 100,
    "window": 5,
    "sg": 1,
    "sg_label": "skipgram",
    "epochs": 20,
    "sentences_seen": 9966,
    "present_in_model": 7010,
    "vocab_terms": 7010,
    "model_coverage": 1.0,
    "avg_in_vocab_tokens_per_doc": 93.21214285714285,
    "avg_in_vocab_tokens_per_query": 10.03111111111111,
    "zero_vector_docs": 2,
    "zero_vector_queries": 0,
    "metrics_by_k": {
      "precision": [
        0.5066666666666667,
        0.4111111111111111,
        0.36740740740740757,
        0.33111111111111113,
        0.30666666666666687,
        0.27999999999999997,
        0.26476190476190503,
        0.24888888888888888,
        0.23851851851851855,
        0.22977777777777808
      ],
      "recall": [
        0.08551695966868379,
        0.12802792545356148,
        0.16778228657337232,
        0.2037192588240701,
        0.23289461614648632,
        0.2523135200457824,
        0.2741634388041635,
        0.29138884304207613,
        0.31284732237568463,
        0.33325477911647466
      ],
      "fscore": [
        0.1399760166186705,
        0.1832349979318948,
        0.2142520405762711,
        0.23347574556042502,
        0.24431330739758067,
        0.24490786467858355,
        0.24856166461552825,
        0.2477435921388182,
        0.2501537320799874,
        0.251917175458694
      ],
      "map": [
        0.08551695966868379,
        0.12001690863145081,
        0.14686337662768223,
        0.16661708724168697,
        0.1834644245811812,
        0.19284700998174056,
        0.2023046629457329,
        0.20839410999731656,
        0.21718332103684282,
        0.22298601957287464
      ],
      "ndcg": [
        0.4,
        0.36099348989878843,
        0.3455891167227277,
        0.3427000917209439,
        0.34342605792591396,
        0.3406320091131806,
        0.34580742454091945,
        0.3512154324362287,
        0.3583218883126401,
        0.3648888265822556
      ],
      "mrr": [
        0.5066666666666667,
        0.5666666666666667,
        0.5844444444444444,
        0.5944444444444444,
        0.5980000000000001,
        0.6024444444444447,
        0.6049841269841271,
        0.6077619047619048,
        0.6082557319223988,
        0.612700176366843
      ]
    },
    "precision_at_10": 0.22977777777777808,
    "recall_at_10": 0.33325477911647466,
    "fscore_at_10": 0.251917175458694,
    "map_at_10": 0.22298601957287464,
    "ndcg_at_10": 0.3648888265822556,
    "mrr_at_10": 0.612700176366843
  },
  "vector_size_sweep_best": [
    {
      "vector_size": 50,
      "window": 5,
      "sg": 1,
      "sg_label": "skipgram",
      "epochs": 20,
      "sentences_seen": 9966,
      "present_in_model": 7010,
      "vocab_terms": 7010,
      "model_coverage": 1.0,
      "avg_in_vocab_tokens_per_doc": 93.21214285714285,
      "avg_in_vocab_tokens_per_query": 10.03111111111111,
      "zero_vector_docs": 2,
      "zero_vector_queries": 0,
      "metrics_by_k": {
        "precision": [
          0.4666666666666667,
          0.38222222222222224,
          0.3348148148148148,
          0.3022222222222222,
          0.2853333333333335,
          0.26296296296296284,
          0.2444444444444447,
          0.22944444444444445,
          0.2172839506172839,
          0.20800000000000024
        ],
        "recall": [
          0.0756067112388275,
          0.11828834330931398,
          0.15349747623683782,
          0.18203133953088768,
          0.21172609720603752,
          0.23365808497135865,
          0.2521947044883704,
          0.26902492858526117,
          0.28374522426634113,
          0.2999359582237418
        ],
        "fscore": [
          0.12492436093956386,
          0.1692983740535618,
          0.19548389437911642,
          0.20980301893117667,
          0.22407724171087548,
          0.2280716527661119,
          0.22936619087026214,
          0.22873305565611407,
          0.2276919829847813,
          0.2275952960008243
        ],
        "map": [
          0.0756067112388275,
          0.10842501612508898,
          0.1304868366658368,
          0.1471323815328374,
          0.1631307431566892,
          0.17361912206173488,
          0.18125584440153852,
          0.18718456275109008,
          0.19341849504166722,
          0.19836513321830543
        ],
        "ndcg": [
          0.3488888888888889,
          0.324534847314996,
          0.3114281602928099,
          0.3076015122641579,
          0.31155460263664214,
          0.3121732542993925,
          0.31512607486564226,
          0.3185371183415421,
          0.32313502035450586,
          0.32844565051195207
        ],
        "mrr": [
          0.4666666666666667,
          0.5288888888888889,
          0.5540740740740739,
          0.5629629629629628,
          0.5665185185185184,
          0.5702222222222222,
          0.5733968253968253,
          0.5745079365079365,
          0.5750017636684303,
          0.5781128747795413
        ]
      },
      "precision_at_10": 0.20800000000000024,
      "recall_at_10": 0.2999359582237418,
      "fscore_at_10": 0.2275952960008243,
      "map_at_10": 0.19836513321830543,
      "ndcg_at_10": 0.32844565051195207,
      "mrr_at_10": 0.5781128747795413
    },
    {
      "vector_size": 100,
      "window": 5,
      "sg": 1,
      "sg_label": "skipgram",
      "epochs": 20,
      "sentences_seen": 9966,
      "present_in_model": 7010,
      "vocab_terms": 7010,
      "model_coverage": 1.0,
      "avg_in_vocab_tokens_per_doc": 93.21214285714285,
      "avg_in_vocab_tokens_per_query": 10.03111111111111,
      "zero_vector_docs": 2,
      "zero_vector_queries": 0,
      "metrics_by_k": {
        "precision": [
          0.5066666666666667,
          0.4111111111111111,
          0.36740740740740757,
          0.33111111111111113,
          0.30666666666666687,
          0.27999999999999997,
          0.26476190476190503,
          0.24888888888888888,
          0.23851851851851855,
          0.22977777777777808
        ],
        "recall": [
          0.08551695966868379,
          0.12802792545356148,
          0.16778228657337232,
          0.2037192588240701,
          0.23289461614648632,
          0.2523135200457824,
          0.2741634388041635,
          0.29138884304207613,
          0.31284732237568463,
          0.33325477911647466
        ],
        "fscore": [
          0.1399760166186705,
          0.1832349979318948,
          0.2142520405762711,
          0.23347574556042502,
          0.24431330739758067,
          0.24490786467858355,
          0.24856166461552825,
          0.2477435921388182,
          0.2501537320799874,
          0.251917175458694
        ],
        "map": [
          0.08551695966868379,
          0.12001690863145081,
          0.14686337662768223,
          0.16661708724168697,
          0.1834644245811812,
          0.19284700998174056,
          0.2023046629457329,
          0.20839410999731656,
          0.21718332103684282,
          0.22298601957287464
        ],
        "ndcg": [
          0.4,
          0.36099348989878843,
          0.3455891167227277,
          0.3427000917209439,
          0.34342605792591396,
          0.3406320091131806,
          0.34580742454091945,
          0.3512154324362287,
          0.3583218883126401,
          0.3648888265822556
        ],
        "mrr": [
          0.5066666666666667,
          0.5666666666666667,
          0.5844444444444444,
          0.5944444444444444,
          0.5980000000000001,
          0.6024444444444447,
          0.6049841269841271,
          0.6077619047619048,
          0.6082557319223988,
          0.612700176366843
        ]
      },
      "precision_at_10": 0.22977777777777808,
      "recall_at_10": 0.33325477911647466,
      "fscore_at_10": 0.251917175458694,
      "map_at_10": 0.22298601957287464,
      "ndcg_at_10": 0.3648888265822556,