{"ndcg@10":0.4725303230755017,"map@10":0.33868058495002934,"_timestamp":1.7774843635579896e+09,"k":10,"recall":0.4152127165934219,"precision":0.28844444444444445,"_step":10,"recall@10":0.4152127165934219,"_runtime":11,"map":0.33868058495002934,"mrr":0.7518677248677248,"mrr@10":0.7518677248677248,"_wandb":{"runtime":11},"precision@10":0.28844444444444445,"ndcg":0.4725303230755017}