{"precision":0.3186666666666666,"ndcg":0.5179214804085462,"recall":0.4587354137345098,"map":0.38372331051762265,"precision@10":0.3186666666666666,"map@10":0.38372331051762265,"mrr@10":0.7850864197530865,"_timestamp":1.7774841893913133e+09,"mrr":0.7850864197530865,"recall@10":0.4587354137345098,"_wandb":{"runtime":7},"_runtime":7,"_step":10,"k":10,"ndcg@10":0.5179214804085462}