{
  "1": {
    "precision": 0.6488888888888888,
    "recall": 0.1122344174469259,
    "fscore": 0.18388454382131547,
    "map": 0.1122344174469259,
    "ndcg": 0.5155555555555555,
    "mrr": 0.6488888888888888
  },
  "2": {
    "precision": 0.54,
    "recall": 0.18066527378624456,
    "fscore": 0.25458896920036617,
    "map": 0.1734116859186216,
    "ndcg": 0.47018510133804986,
    "mrr": 0.6977777777777778
  },
  "3": {
    "precision": 0.47851851851851845,
    "recall": 0.2283133495696358,
    "fscore": 0.28770733279754807,
    "map": 0.21021917512265068,
    "ndcg": 0.4515639857744853,
    "mrr": 0.7185185185185184
  },
  "4": {
    "precision": 0.43,
    "recall": 0.2645039913067385,
    "fscore": 0.30334544091110516,
    "map": 0.23538541249040043,
    "ndcg": 0.44066875417536755,
    "mrr": 0.724074074074074
  },
  "5": {
    "precision": 0.38666666666666666,
    "recall": 0.2922029343390149,
    "fscore": 0.3079417557676184,
    "map": 0.25168719959218755,
    "ndcg": 0.43324589481940257,
    "mrr": 0.7302962962962963
  },
  "6": {
    "precision": 0.36,
    "recall": 0.3205195454693515,
    "fscore": 0.31375940837646266,
    "map": 0.2660945482952879,
    "ndcg": 0.4371607855467049,
    "mrr": 0.7362222222222222
  },
  "7": {
    "precision": 0.3352380952380952,
    "recall": 0.3431115689268246,
    "fscore": 0.3137292700699308,
    "map": 0.2782692385359493,
    "ndcg": 0.43882658545730396,
    "mrr": 0.7368571428571429
  },
  "8": {
    "precision": 0.31333333333333335,
    "recall": 0.36353260526158643,
    "fscore": 0.311471350438314,
    "map": 0.28740417333608026,
    "ndcg": 0.44212631150325155,
    "mrr": 0.7374126984126984
  },
  "9": {
    "precision": 0.29234567901234565,
    "recall": 0.37873419950497633,
    "fscore": 0.30568670116260316,
    "map": 0.2936868906166762,
    "ndcg": 0.4446834807500333,
    "mrr": 0.7384003527336861
  },
  "10": {
    "precision": 0.27555555555555555,
    "recall": 0.39273950777695127,
    "fscore": 0.3001279582824165,
    "map": 0.2986060507158363,
    "ndcg": 0.4481743672614097,
    "mrr": 0.7384003527336861
  }
}