{
  "metrics_by_k": {
    "precision": [
      0.5244444444444445,
      0.47333333333333333,
      0.42370370370370375,
      0.37777777777777777,
      0.34222222222222265,
      0.31999999999999995,
      0.30158730158730196,
      0.285,
      0.2676543209876544,
      0.2551111111111114
    ],
    "recall": [
      0.08393005949550907,
      0.1521702537964877,
      0.19994774232103504,
      0.2299335395199599,
      0.2562582420630533,
      0.28509380365880144,
      0.31020319770472804,
      0.3295916690735916,
      0.3472642020598498,
      0.3653648113271259
    ],
    "fscore": [
      0.13854038127591442,
      0.2158349290018814,
      0.2518195711674842,
      0.2637088495558436,
      0.26944536246936723,
      0.2770111928273854,
      0.28123424397489283,
      0.2811983663289898,
      0.2786847542231576,
      0.2773004805518331
    ],
    "map": [
      0.08393005949550907,
      0.13766804213741332,
      0.1722280602843597,
      0.1900119462427919,
      0.2055231760517229,
      0.21905489964613697,
      0.23117727939043928,
      0.23993358803277723,
      0.2459877975205379,
      0.25212428140702187
    ],
    "ndcg": [
      0.4266666666666667,
      0.41097882964536325,
      0.39711000419124326,
      0.3893969327709179,
      0.3830922949560934,
      0.38658712456132893,
      0.3897635767703785,
      0.3919985437046159,
      0.39639332555548284,
      0.4010413841585036
    ],
    "mrr": [
      0.5244444444444445,
      0.6022222222222222,
      0.6185185185185184,
      0.6307407407407406,
      0.6360740740740739,
      0.6427407407407405,
      0.6433756613756612,
      0.6444867724867722,
      0.6454744268077599,
      0.647696649029982
    ]
  },
  "k10": {
    "precision": 0.2551111111111114,
    "recall": 0.3653648113271259,
    "fscore": 0.2773004805518331,
    "map": 0.25212428140702187,
    "ndcg": 0.4010413841585036,
    "mrr": 0.647696649029982
  },
  "runtime_seconds": 28.926554203033447,
  "context_window": 6,
  "max_synonyms": 3
}