{"k":10,"map@10":0.10670622672937487,"_wandb":{"runtime":4},"ndcg@10":0.16857100313878176,"_timestamp":1.7774838154731827e+09,"recall":0.16106511933133402,"map":0.10670622672937487,"ndcg":0.16857100313878176,"precision@10":0.11555555555555555,"precision":0.11555555555555555,"mrr@10":0.2815555555555556,"_runtime":4,"mrr":0.2815555555555556,"recall@10":0.16106511933133402,"_step":10}