{"ndcg@10":0.4725303230755017,"precision":0.28844444444444445,"mrr@10":0.7518677248677248,"map":0.33868058495002934,"_runtime":11,"recall":0.4152127165934219,"map@10":0.33868058495002934,"ndcg":0.4725303230755017,"precision@10":0.28844444444444445,"mrr":0.7518677248677248,"_wandb":{"runtime":11},"_step":10,"k":10,"recall@10":0.4152127165934219,"_timestamp":1.7774840994152226e+09}