{
  "best_config": {
    "vector_size": 100,
    "window": 5,
    "sg": 1,
    "sg_label": "skipgram",
    "epochs": 20,
    "top_k_neighbors": 10,
    "min_similarity": 0.1,
    "similarity_power": 2.0,
    "sentences_seen": 9966,
    "present_in_model": 7010,
    "vocab_terms": 7010,
    "model_coverage": 1.0,
    "represented_terms": 7010,
    "representation_coverage": 1.0,
    "retained_neighbor_edges": 60025,
    "avg_neighbors_per_term": 10.0,
    "metrics_by_k": {
      "precision": [
        0.5911111111111111,
        0.5177777777777778,
        0.4592592592592594,
        0.41444444444444445,
        0.3795555555555556,
        0.3503703703703704,
        0.32761904761904775,
        0.30944444444444447,
        0.29283950617283977,
        0.2755555555555557
      ],
      "recall": [
        0.09845991806716334,
        0.17280993113936433,
        0.2215250542878207,
        0.25880007556284196,
        0.2901474358174476,
        0.31556338797397854,
        0.3416390926014073,
        0.3655387153957668,
        0.3856611793515641,
        0.3989574268948705
      ],
      "fscore": [
        0.16233058861025831,
        0.24341066147819845,
        0.2782011884311571,
        0.2955764813336203,
        0.3040767128641853,
        0.3069564821039053,
        0.3086077856392774,
        0.3094904947328927,
        0.30794668007602904,
        0.30211209726495103
      ],
      "map": [
        0.09845991806716334,
        0.1615402101196432,
        0.1962844913528134,
        0.22354076131741663,
        0.24199449213848312,
        0.25536296648913187,
        0.2675931839393822,
        0.2781515411117745,
        0.2863514899969085,
        0.2917453773876587
      ],
      "ndcg": [
        0.46444444444444444,
        0.4487625289754818,
        0.4309308184221348,
        0.420152169805313,
        0.4171229711067774,
        0.41993647569220577,
        0.42324193534404325,
        0.4297249641066292,
        0.43455461477287227,
        0.4371874467674942
      ],
      "mrr": [
        0.5911111111111111,
        0.6511111111111111,
        0.6792592592592593,
        0.6848148148148149,
        0.6892592592592593,
        0.6951851851851851,
        0.6977248677248677,
        0.6993915343915345,
        0.7013668430335096,
        0.7018112874779541
      ]
    },
    "precision_at_10": 0.2755555555555557,
    "recall_at_10": 0.3989574268948705,
    "fscore_at_10": 0.30211209726495103,
    "map_at_10": 0.2917453773876587,
    "ndcg_at_10": 0.4371874467674942,
    "mrr_at_10": 0.7018112874779541
  },
  "metrics_by_k": {
    "precision": [
      0.5911111111111111,
      0.5177777777777778,
      0.4592592592592594,
      0.41444444444444445,
      0.3795555555555556,
      0.3503703703703704,
      0.32761904761904775,
      0.30944444444444447,
      0.29283950617283977,
      0.2755555555555557
    ],
    "recall": [
      0.09845991806716334,
      0.17280993113936433,
      0.2215250542878207,
      0.25880007556284196,
      0.2901474358174476,
      0.31556338797397854,
      0.3416390926014073,
      0.3655387153957668,
      0.3856611793515641,
      0.3989574268948705
    ],
    "fscore": [
      0.16233058861025831,
      0.24341066147819845,
      0.2782011884311571,
      0.2955764813336203,
      0.3040767128641853,
      0.3069564821039053,
      0.3086077856392774,
      0.3094904947328927,
      0.30794668007602904,
      0.30211209726495103
    ],
    "map": [
      0.09845991806716334,
      0.1615402101196432,
      0.1962844913528134,
      0.22354076131741663,
      0.24199449213848312,
      0.25536296648913187,
      0.2675931839393822,
      0.2781515411117745,
      0.2863514899969085,
      0.2917453773876587
    ],
    "ndcg": [
      0.46444444444444444,
      0.4487625289754818,
      0.4309308184221348,
      0.420152169805313,
      0.4171229711067774,
      0.41993647569220577,
      0.42324193534404325,
      0.4297249641066292,
      0.43455461477287227,
      0.4371874467674942
    ],
    "mrr": [
      0.5911111111111111,
      0.6511111111111111,
      0.6792592592592593,
      0.6848148148148149,
      0.6892592592592593,
      0.6951851851851851,
      0.6977248677248677,
      0.6993915343915345,
      0.7013668430335096,
      0.7018112874779541
    ]
  },
  "k10": {
    "precision": 0.2755555555555557,
    "recall": 0.3989574268948705,
    "fscore": 0.30211209726495103,
    "map": 0.2917453773876587,
    "ndcg": 0.4371874467674942,
    "mrr": 0.7018112874779541
  },
  "runtime_seconds": 211.4507279396057,
  "present_in_model": 7010,
  "vocab_terms": 7010,
  "model_coverage": 1.0,
  "represented_terms": 7010,
  "representation_coverage": 1.0,
  "retained_neighbor_edges": 60025,
  "avg_neighbors_per_term": 10.0
}