{
  "1": {
    "precision": 0.6622222222222223,
    "recall": 0.11469055779780309,
    "fscore": 0.1878210517578234,
    "map": 0.11469055779780309,
    "ndcg": 0.5211111111111111,
    "mrr": 0.6622222222222223
  },
  "2": {
    "precision": 0.5466666666666666,
    "recall": 0.18198235566472995,
    "fscore": 0.2569032228479532,
    "map": 0.1764340995024387,
    "ndcg": 0.47295981458279596,
    "mrr": 0.7044444444444444
  },
  "3": {
    "precision": 0.47407407407407404,
    "recall": 0.22729422055050683,
    "fscore": 0.28599128341483204,
    "map": 0.21204603810156045,
    "ndcg": 0.4501503879916701,
    "mrr": 0.7207407407407407
  },
  "4": {
    "precision": 0.43222222222222223,
    "recall": 0.26520956967898357,
    "fscore": 0.30465094658915987,
    "map": 0.23793367135737276,
    "ndcg": 0.4430590760404878,
    "mrr": 0.7307407407407407
  },
  "5": {
    "precision": 0.39111111111111113,
    "recall": 0.29621906200220144,
    "fscore": 0.31186745722665316,
    "map": 0.2549512412965113,
    "ndcg": 0.43724369743912744,
    "mrr": 0.7378518518518519
  },
  "6": {
    "precision": 0.36444444444444446,
    "recall": 0.3238386091217485,
    "fscore": 0.317564566665281,
    "map": 0.2701893642846343,
    "ndcg": 0.4411937586504047,
    "mrr": 0.7408148148148148
  },
  "7": {
    "precision": 0.339047619047619,
    "recall": 0.3464744894982075,
    "fscore": 0.3169913293372188,
    "map": 0.2819839757881479,
    "ndcg": 0.44349938166062425,
    "mrr": 0.742084656084656
  },
  "8": {
    "precision": 0.31777777777777777,
    "recall": 0.36971288871699887,
    "fscore": 0.31617108150912615,
    "map": 0.2919266338018843,
    "ndcg": 0.448278890012889,
    "mrr": 0.7431957671957672
  },
  "9": {
    "precision": 0.2962962962962963,
    "recall": 0.38249036309447326,
    "fscore": 0.30925775136977984,
    "map": 0.2977551025896124,
    "ndcg": 0.4489335903368111,
    "mrr": 0.743689594356261
  },
  "10": {
    "precision": 0.2791111111111111,
    "recall": 0.395674742997244,
    "fscore": 0.30328094381311105,
    "map": 0.30260368614739136,
    "ndcg": 0.4521787963319613,
    "mrr": 0.7441340388007054
  }
}