{
  "1": {
    "precision": 0.6622222222222223,
    "recall": 0.11243712831630344,
    "fscore": 0.18508822902500066,
    "map": 0.11243712831630344,
    "ndcg": 0.5266666666666666,
    "mrr": 0.6622222222222223
  },
  "2": {
    "precision": 0.5555555555555556,
    "recall": 0.18615492383729812,
    "fscore": 0.2626165748554228,
    "map": 0.17716086461516875,
    "ndcg": 0.48669807723977193,
    "mrr": 0.7155555555555555
  },
  "3": {
    "precision": 0.4888888888888889,
    "recall": 0.23229587321882614,
    "fscore": 0.2933548166237825,
    "map": 0.21526367037182428,
    "ndcg": 0.4619648478501992,
    "mrr": 0.7288888888888889
  },
  "4": {
    "precision": 0.43333333333333335,
    "recall": 0.26572395036003094,
    "fscore": 0.3054575568805999,
    "map": 0.23934869265835898,
    "ndcg": 0.4469597728667583,
    "mrr": 0.7344444444444445
  },
  "5": {
    "precision": 0.39644444444444443,
    "recall": 0.299235633933118,
    "fscore": 0.31548323584669435,
    "map": 0.257701736235964,
    "ndcg": 0.4431294864992086,
    "mrr": 0.7424444444444445
  },
  "6": {
    "precision": 0.36962962962962964,
    "recall": 0.32912516596970887,
    "fscore": 0.3221831591622361,
    "map": 0.27301012011787723,
    "ndcg": 0.446814288240458,
    "mrr": 0.7461481481481481
  },
  "7": {
    "precision": 0.3415873015873016,
    "recall": 0.35258410418883357,
    "fscore": 0.320543209285609,
    "map": 0.28410924265139204,
    "ndcg": 0.4494560564645515,
    "mrr": 0.7486878306878307
  },
  "8": {
    "precision": 0.3211111111111111,
    "recall": 0.37268359170204657,
    "fscore": 0.3189248355550655,
    "map": 0.2942234060116339,
    "ndcg": 0.45416855696058056,
    "mrr": 0.7486878306878307
  },
  "9": {
    "precision": 0.30320987654320986,
    "recall": 0.3923704696877075,
    "fscore": 0.31627461764371984,
    "map": 0.30212988132331536,
    "ndcg": 0.4589644834058774,
    "mrr": 0.7496754850088184
  },
  "10": {
    "precision": 0.2817777777777778,
    "recall": 0.40331111546168663,
    "fscore": 0.3070814794568651,
    "map": 0.30593844189854263,
    "ndcg": 0.4596180624937062,
    "mrr": 0.7505643738977072
  }
}