{
  "1": {
    "precision": 0.6622222222222223,
    "recall": 0.11243712831630344,
    "fscore": 0.18508822902500066,
    "map": 0.11243712831630344,
    "ndcg": 0.5266666666666666,
    "mrr": 0.6622222222222223
  },
  "2": {
    "precision": 0.5533333333333333,
    "recall": 0.18526603494840924,
    "fscore": 0.2613467335855815,
    "map": 0.17671642017072428,
    "ndcg": 0.4849787314298407,
    "mrr": 0.7133333333333334
  },
  "3": {
    "precision": 0.48740740740740734,
    "recall": 0.23140698432993723,
    "fscore": 0.29224370551267137,
    "map": 0.21481922592737984,
    "ndcg": 0.4606489282459065,
    "mrr": 0.7266666666666667
  },
  "4": {
    "precision": 0.4311111111111111,
    "recall": 0.2643535799896605,
    "fscore": 0.30380852689823656,
    "map": 0.23820054451021083,
    "ndcg": 0.4455674024827663,
    "mrr": 0.7322222222222222
  },
  "5": {
    "precision": 0.39377777777777784,
    "recall": 0.29723563393311797,
    "fscore": 0.3132633903327312,
    "map": 0.2566721066063343,
    "ndcg": 0.44111538336724176,
    "mrr": 0.7393333333333333
  },
  "6": {
    "precision": 0.3681481481481481,
    "recall": 0.3275981004426433,
    "fscore": 0.32072205691166017,
    "map": 0.2721647260058165,
    "ndcg": 0.4455670859295954,
    "mrr": 0.743037037037037
  },
  "7": {
    "precision": 0.3403174603174603,
    "recall": 0.3505841041888335,
    "fscore": 0.31899438773678745,
    "map": 0.2831059323814151,
    "ndcg": 0.4479657943744804,
    "mrr": 0.7462116402116402
  },
  "8": {
    "precision": 0.32055555555555554,
    "recall": 0.3723555493740042,
    "fscore": 0.31840718037074367,
    "map": 0.2937915243130855,
    "ndcg": 0.45311461001929243,
    "mrr": 0.7462116402116402
  },
  "9": {
    "precision": 0.30123456790123454,
    "recall": 0.3901976301815347,
    "fscore": 0.3142816723174412,
    "map": 0.300987045284183,
    "ndcg": 0.4569860209989051,
    "mrr": 0.7471992945326278
  },
  "10": {
    "precision": 0.2817777777777778,
    "recall": 0.4028402159907871,
    "fscore": 0.3069297002266545,
    "map": 0.305835993866465,
    "ndcg": 0.4587572838726358,
    "mrr": 0.7476437389770724
  }
}