{
  "1": {
    "precision": 0.6666666666666666,
    "recall": 0.11332601720519232,
    "fscore": 0.18656971050648213,
    "map": 0.11332601720519232,
    "ndcg": 0.5311111111111111,
    "mrr": 0.6666666666666666
  },
  "2": {
    "precision": 0.5533333333333333,
    "recall": 0.18477926246163676,
    "fscore": 0.26078235968787433,
    "map": 0.17691747837178248,
    "ndcg": 0.48580039716422296,
    "mrr": 0.7155555555555555
  },
  "3": {
    "precision": 0.48444444444444446,
    "recall": 0.23043018335313625,
    "fscore": 0.2907992610682269,
    "map": 0.2140364284779157,
    "ndcg": 0.4606747319152641,
    "mrr": 0.7288888888888889
  },
  "4": {
    "precision": 0.4311111111111111,
    "recall": 0.2648551115964553,
    "fscore": 0.3042630026425674,
    "map": 0.23886908909103613,
    "ndcg": 0.4462477006702865,
    "mrr": 0.7344444444444445
  },
  "5": {
    "precision": 0.39644444444444443,
    "recall": 0.29915626885375296,
    "fscore": 0.3154262557897143,
    "map": 0.25751063169398225,
    "ndcg": 0.4438726463263591,
    "mrr": 0.7433333333333333
  },
  "6": {
    "precision": 0.37037037037037035,
    "recall": 0.3299823088268517,
    "fscore": 0.3229477279268049,
    "map": 0.2734045534947667,
    "ndcg": 0.4474093923757653,
    "mrr": 0.747037037037037
  },
  "7": {
    "precision": 0.3422222222222222,
    "recall": 0.3531396597443891,
    "fscore": 0.3211358018782016,
    "map": 0.2843834946223859,
    "ndcg": 0.4501996435768456,
    "mrr": 0.7495767195767196
  },
  "8": {
    "precision": 0.32222222222222224,
    "recall": 0.37457229814247717,
    "fscore": 0.32006432469455465,
    "map": 0.2948970148518121,
    "ndcg": 0.4556894928511594,
    "mrr": 0.7495767195767196
  },
  "9": {
    "precision": 0.30419753086419754,
    "recall": 0.39406888238612015,
    "fscore": 0.317511779174999,
    "map": 0.30250847100640554,
    "ndcg": 0.4601375321371333,
    "mrr": 0.7510582010582011
  },
  "10": {
    "precision": 0.2817777777777778,
    "recall": 0.40345926360983475,
    "fscore": 0.3071185164939021,
    "map": 0.3061778781424793,
    "ndcg": 0.46024088572306343,
    "mrr": 0.7510582010582011
  }
}