{
  "1": {
    "precision": 0.6266666666666667,
    "recall": 0.10872559910477422,
    "fscore": 0.17873944409754522,
    "map": 0.10872559910477422,
    "ndcg": 0.5033333333333333,
    "mrr": 0.6266666666666667
  },
  "2": {
    "precision": 0.5155555555555555,
    "recall": 0.173328181054415,
    "fscore": 0.2445942602056572,
    "map": 0.16477400375023768,
    "ndcg": 0.4588936194111157,
    "mrr": 0.68
  },
  "3": {
    "precision": 0.4518518518518518,
    "recall": 0.2211538695271623,
    "fscore": 0.27759338603146655,
    "map": 0.20159187227725653,
    "ndcg": 0.43471181204787795,
    "mrr": 0.6918518518518518
  },
  "4": {
    "precision": 0.4011111111111111,
    "recall": 0.2543595689609319,
    "fscore": 0.2900176154658053,
    "map": 0.2245956780880799,
    "ndcg": 0.4225554490621994,
    "mrr": 0.7018518518518518
  },
  "5": {
    "precision": 0.3688888888888889,
    "recall": 0.2859261883877378,
    "fscore": 0.29896576446724066,
    "map": 0.24300764559353377,
    "ndcg": 0.41970214855302385,
    "mrr": 0.7071851851851852
  },
  "6": {
    "precision": 0.3407407407407408,
    "recall": 0.3101828628946703,
    "fscore": 0.30072225180497364,
    "map": 0.2549047018142054,
    "ndcg": 0.42207310932234543,
    "mrr": 0.7108888888888888
  },
  "7": {
    "precision": 0.32317460317460317,
    "recall": 0.3370410355861763,
    "fscore": 0.30542691666353655,
    "map": 0.2680200908343563,
    "ndcg": 0.42770501570882263,
    "mrr": 0.7134285714285714
  },
  "8": {
    "precision": 0.3022222222222222,
    "recall": 0.3571282094870757,
    "fscore": 0.3029836217702435,
    "map": 0.27631220240833065,
    "ndcg": 0.43199706430052837,
    "mrr": 0.7156507936507936
  },
  "9": {
    "precision": 0.2859259259259259,
    "recall": 0.3768154574731067,
    "fscore": 0.30111865142850663,
    "map": 0.283805341581892,
    "ndcg": 0.4365239226406482,
    "mrr": 0.7171322751322752
  },
  "10": {
    "precision": 0.26844444444444443,
    "recall": 0.3897307693217519,
    "fscore": 0.29489212577917406,
    "map": 0.2887229862828701,
    "ndcg": 0.4395035267071403,
    "mrr": 0.7171322751322752
  }
}