{
  "lsa_components_requested": 240,
  "lsa_components_used": 240,
  "tfidf_weight": 0.2,
  "explained_variance_ratio_sum": 0.5415154695510864,
  "vectorizer": {
    "sublinear_tf": true,
    "max_df": 0.95,
    "min_df": 2,
    "norm": "l2",
    "ngram_range": [
      1,
      1
    ],
    "vocab_size": 3406
  },
  "precision": [
    0.7422222222222222,
    0.6266666666666667,
    0.5466666666666667,
    0.4911111111111111,
    0.4568888888888891,
    0.4199999999999999,
    0.3853968253968257,
    0.36333333333333334,
    0.3402469135802471,
    0.32311111111111107
  ],
  "recall": [
    0.1254001630074082,
    0.20385718501027206,
    0.2637235136707185,
    0.3082487446613991,
    0.3519902791017166,
    0.3795608137853789,
    0.3998695772929253,
    0.426069010044082,
    0.4434844441875865,
    0.46419646010806476
  ],
  "fscore": [
    0.20619090775513035,
    0.28923611021130063,
    0.3314536435947771,
    0.35150920176259415,
    0.3684161922016636,
    0.36901969825882797,
    0.3629647726457666,
    0.3627692962136964,
    0.35669803599265865,
    0.3533492973918649
  ],
  "map": [
    0.1254001630074082,
    0.1973848024545562,
    0.247651905237999,
    0.28085702699563925,
    0.3095779601755989,
    0.3266678253845908,
    0.3382867434624097,
    0.3522057957808873,
    0.36142542587283727,
    0.36946790321165096
  ],
  "ndcg": [
    0.5866666666666667,
    0.5470878535934176,
    0.519746400542328,
    0.5103987887611815,
    0.5090272889252804,
    0.5084843110859195,
    0.5068284096080047,
    0.5119568094491588,
    0.5155551098386378,
    0.5219833360292628
  ],
  "mrr": [
    0.7422222222222222,
    0.7822222222222223,
    0.7925925925925926,
    0.7948148148148149,
    0.7983703703703705,
    0.8013333333333332,
    0.803873015873016,
    0.8044285714285715,
    0.8044285714285715,
    0.8053174603174602
  ]
}