{"ndcg@10":0.42760228573670084,"recall":0.3699215467735841,"_step":10,"k":10,"map":0.3000183631477282,"mrr@10":0.6974391534391534,"ndcg":0.42760228573670084,"recall@10":0.3699215467735841,"_wandb":{"runtime":3},"mrr":0.6974391534391534,"map@10":0.3000183631477282,"precision@10":0.25866666666666666,"_timestamp":1.777483498800118e+09,"precision":0.25866666666666666,"_runtime":3}