{"precision":0.10533333333333333,"ndcg@10":0.17112243038669653,"recall@10":0.15200663569652573,"map":0.09683979031941994,"recall":0.15200663569652573,"_step":10,"mrr":0.33935273368606705,"map@10":0.09683979031941994,"precision@10":0.10533333333333333,"k":10,"mrr@10":0.33935273368606705,"_runtime":1,"ndcg":0.17112243038669653,"_wandb":{"runtime":1},"_timestamp":1.777482672379835e+09}