{"map":0.1539672594552224,"mrr":0.4713121693121693,"_step":10,"precision@10":0.14311111111111113,"mrr@10":0.4713121693121693,"map@10":0.1539672594552224,"_timestamp":1.7774840018678515e+09,"ndcg":0.2493242405062142,"recall@10":0.2152734968902187,"recall":0.2152734968902187,"_runtime":8,"k":10,"_wandb":{"runtime":8},"precision":0.14311111111111113,"ndcg@10":0.2493242405062142}