{
  "best_config": {
    "radius": 4,
    "orders": [
      2
    ],
    "min_df": 2,
    "alpha": 0.75,
    "context_feature_vocab_size": 85835,
    "avg_context_features_per_doc": 272.35857142857145,
    "precision_at_10": 0.2902222222222223,
    "recall_at_10": 0.4209714096833843,
    "fscore_at_10": 0.3177288310849926,
    "map_at_10": 0.3239985084233012,
    "ndcg_at_10": 0.4829048563887548,
    "mrr_at_10": 0.7661252204585537
  },
  "metrics_by_k": {
    "precision": [
      0.68,
      0.5822222222222222,
      0.5185185185185185,
      0.46444444444444444,
      0.41511111111111115,
      0.3792592592592594,
      0.34984126984126995,
      0.3327777777777778,
      0.31111111111111134,
      0.2902222222222223
    ],
    "recall": [
      0.1164873928665679,
      0.19344013472777213,
      0.2484195774346659,
      0.2863342693054981,
      0.31684300522147946,
      0.34276686559180064,
      0.36402328980436527,
      0.39146389677708865,
      0.40963185417716225,
      0.4209714096833843
    ],
    "fscore": [
      0.19064417054172642,
      0.27270238156868015,
      0.31276265369364215,
      0.32845265259816137,
      0.3319355616177711,
      0.33246595843760196,
      0.32947158071359894,
      0.3324386868134015,
      0.32645313381012897,
      0.3177288310849926
    ],
    "map": [
      0.1164873928665679,
      0.18539680882041118,
      0.2305015577147026,
      0.25682948117201204,
      0.2749826055552172,
      0.28964499950663114,
      0.29977725650981546,
      0.3118082200151704,
      0.318894592586052,
      0.3239985084233012
    ],
    "ndcg": [
      0.5555555555555556,
      0.5179035908896886,
      0.49341975143601535,
      0.48085608140875663,
      0.4698804830984352,
      0.4685067554182234,
      0.4704281957157524,
      0.47793376993319503,
      0.4812175471604097,
      0.4829048563887548
    ],
    "mrr": [
      0.68,
      0.7333333333333333,
      0.7451851851851852,
      0.754074074074074,
      0.7576296296296297,
      0.7598518518518519,
      0.7630264550264549,
      0.7646931216931216,
      0.7656807760141093,
      0.7661252204585537
    ]
  },
  "k10": {
    "precision": 0.2902222222222223,
    "recall": 0.4209714096833843,
    "fscore": 0.3177288310849926,
    "map": 0.3239985084233012,
    "ndcg": 0.4829048563887548,
    "mrr": 0.7661252204585537
  },
  "runtime_seconds": 65.49710488319397,
  "avg_context_features_per_doc": 272.35857142857145,
  "avg_context_features_per_query": 25.733333333333334
}