{
  "best_config": {
    "radius": 4,
    "orders": [
      2
    ],
    "min_df": 3,
    "alpha": 0.8,
    "context_feature_vocab_size": 45535,
    "avg_context_features_per_doc": 214.78714285714287,
    "metrics_by_k": {
      "precision": [
        0.6933333333333334,
        0.5911111111111111,
        0.5229629629629627,
        0.47,
        0.42222222222222233,
        0.3866666666666666,
        0.3587301587301591,
        0.3377777777777778,
        0.31358024691358044,
        0.29377777777777786
      ],
      "recall": [
        0.11819815124399294,
        0.19706650835414577,
        0.25146352549822176,
        0.2909581089000506,
        0.32338441878250085,
        0.34893079787067555,
        0.3711605000886344,
        0.39888030497510596,
        0.4134633978569817,
        0.4251484499270912
      ],
      "fscore": [
        0.19359655149410737,
        0.2776602138598458,
        0.3159581082659083,
        0.3330136487379702,
        0.3386154523420375,
        0.3389538363816202,
        0.33673521421417485,
        0.3378716166916381,
        0.32963932649800426,
        0.3214953779731081
      ],
      "map": [
        0.11819815124399294,
        0.18802670978364547,
        0.23348730472005744,
        0.2619209156391537,
        0.2818363650370593,
        0.2949612388286858,
        0.3059015875794962,
        0.3181693784306203,
        0.3246623200060276,
        0.3297117915646946
      ],
      "ndcg": [
        0.56,
        0.5223652607021387,
        0.4965938117506688,
        0.485286895243113,
        0.47600651646331366,
        0.47532573960462654,
        0.47754089988076853,
        0.4834536905652335,
        0.48591591927986777,
        0.4883179837818228
      ],
      "mrr": [
        0.6933333333333334,
        0.7488888888888889,
        0.7607407407407407,
        0.7651851851851852,
        0.7687407407407407,
        0.7746666666666665,
        0.7759365079365078,
        0.7764920634920633,
        0.777479717813051,
        0.7779241622574954
      ]
    },
    "k10": {
      "precision": 0.29377777777777786,
      "recall": 0.4251484499270912,
      "fscore": 0.3214953779731081,
      "map": 0.3297117915646946,
      "ndcg": 0.4883179837818228,
      "mrr": 0.7779241622574954
    },
    "precision_at_10": 0.29377777777777786,
    "recall_at_10": 0.4251484499270912,
    "fscore_at_10": 0.3214953779731081,
    "map_at_10": 0.3297117915646946,
    "ndcg_at_10": 0.4883179837818228,
    "mrr_at_10": 0.7779241622574954
  },
  "metrics_by_k": {
    "precision": [
      0.6933333333333334,
      0.5911111111111111,
      0.5229629629629627,
      0.47,
      0.42222222222222233,
      0.3866666666666666,
      0.3587301587301591,
      0.3377777777777778,
      0.31358024691358044,
      0.29377777777777786
    ],
    "recall": [
      0.11819815124399294,
      0.19706650835414577,
      0.25146352549822176,
      0.2909581089000506,
      0.32338441878250085,
      0.34893079787067555,
      0.3711605000886344,
      0.39888030497510596,
      0.4134633978569817,
      0.4251484499270912
    ],
    "fscore": [
      0.19359655149410737,
      0.2776602138598458,
      0.3159581082659083,
      0.3330136487379702,
      0.3386154523420375,
      0.3389538363816202,
      0.33673521421417485,
      0.3378716166916381,
      0.32963932649800426,
      0.3214953779731081
    ],
    "map": [
      0.11819815124399294,
      0.18802670978364547,
      0.23348730472005744,
      0.2619209156391537,
      0.2818363650370593,
      0.2949612388286858,
      0.3059015875794962,
      0.3181693784306203,
      0.3246623200060276,
      0.3297117915646946
    ],
    "ndcg": [
      0.56,
      0.5223652607021387,
      0.4965938117506688,
      0.485286895243113,
      0.47600651646331366,
      0.47532573960462654,
      0.47754089988076853,
      0.4834536905652335,
      0.48591591927986777,
      0.4883179837818228
    ],
    "mrr": [
      0.6933333333333334,
      0.7488888888888889,
      0.7607407407407407,
      0.7651851851851852,
      0.7687407407407407,
      0.7746666666666665,
      0.7759365079365078,
      0.7764920634920633,
      0.777479717813051,
      0.7779241622574954
    ]
  },
  "k10": {
    "precision": 0.29377777777777786,
    "recall": 0.4251484499270912,
    "fscore": 0.3214953779731081,
    "map": 0.3297117915646946,
    "ndcg": 0.4883179837818228,
    "mrr": 0.7779241622574954
  },
  "runtime_seconds": 379.84785771369934,
  "avg_context_features_per_doc": 214.78714285714287,
  "avg_context_features_per_query": 21.986666666666668
}