{"k":10,"recall@10":0.41380205315813656,"ndcg@10":0.47897940990814225,"_wandb":{"runtime":1},"map@10":0.34417223901906446,"mrr":0.7686067019400353,"precision":0.2862222222222222,"map":0.34417223901906446,"_timestamp":1.77748415483185e+09,"_step":10,"mrr@10":0.7686067019400353,"recall":0.41380205315813656,"ndcg":0.47897940990814225,"precision@10":0.2862222222222222,"_runtime":1}