{
  "dataset": "/home/crimson/Projects/Acads/NLP/Project/NLP_ASSIGNMENT2/cranfield",
  "best_context_window": 1,
  "tested_context_windows": [
    1,
    2,
    3,
    4,
    5,
    6,
    8,
    10,
    12
  ],
  "max_synonyms": 3,
  "methods": {
    "baseline_tfidf": {
      "k10": {
        "precision": 0.2835555555555557,
        "recall": 0.40999451439276363,
        "fscore": 0.31032959994045994,
        "map": 0.3025772846456973,
        "ndcg": 0.4589211350766685,
        "mrr": 0.7368377425044094
      },
      "metrics_by_k": {
        "precision": [
          0.6488888888888888,
          0.5466666666666666,
          0.48592592592592615,
          0.43444444444444447,
          0.38577777777777794,
          0.35851851851851846,
          0.33396825396825425,
          0.31666666666666665,
          0.29975308641975346,
          0.2835555555555557
        ],
        "recall": [
          0.10919181807099311,
          0.1808846901723276,
          0.228655709398868,
          0.2645503767399963,
          0.2883589899754627,
          0.3241227385725446,
          0.348107742542606,
          0.3713727081774375,
          0.3931739889591105,
          0.40999451439276363
        ],
        "fscore": [
          0.17995605255949076,
          0.2553472762527905,
          0.2892895675371615,
          0.30446858481409356,
          0.3048472553210024,
          0.3139135465213128,
          0.3146879496619435,
          0.3156957719630819,
          0.31440487254474014,
          0.31032959994045994
        ],
        "map": [
          0.10919181807099311,
          0.1728968396537754,
          0.21083802090496695,
          0.23545837908188896,
          0.24881274079236254,
          0.2650467742486182,
          0.2771464162778169,
          0.2883490910459071,
          0.29666185610703816,
          0.3025772846456973
        ],
        "ndcg": [
          0.5188888888888888,
          0.480851773712128,
          0.4586421306186382,
          0.44551456384575994,
          0.43517543010687126,
          0.4393412623021309,
          0.44188454174874475,
          0.44888521657621694,
          0.4552953198502894,
          0.4589211350766685
        ],
        "mrr": [
          0.6488888888888888,
          0.6977777777777778,
          0.7140740740740742,
          0.7207407407407408,
          0.726962962962963,
          0.7321481481481483,
          0.7334179894179895,
          0.7339735449735452,
          0.7359488536155205,
          0.7368377425044094
        ]
      },
      "runtime_seconds": 1.6517531871795654
    },
    "wordnet_best": {
      "best_context_window": 1,
      "k10": {
        "precision": 0.25911111111111135,
        "recall": 0.3693506136541262,
        "fscore": 0.28148502680071685,
        "map": 0.26413135779983393,
        "ndcg": 0.4118469718209455,
        "mrr": 0.6671834215167547
      },
      "metrics_by_k": {
        "precision": [
          0.5511111111111111,
          0.4866666666666667,
          0.44296296296296306,
          0.38666666666666666,
          0.35200000000000053,
          0.3288888888888886,
          0.3041269841269845,
          0.29,
          0.2720987654320988,
          0.25911111111111135
        ],
        "recall": [
          0.09124311064189358,
          0.1583224326767368,
          0.20792111008387654,
          0.23695677099933177,
          0.26465384808146636,
          0.2924461196339244,
          0.314629234630765,
          0.3369773736873663,
          0.3507938555973679,
          0.3693506136541262
        ],
        "fscore": [
          0.1499915145557371,
          0.22403598720293957,
          0.26261706996498313,
          0.27090127362469785,
          0.27829665905337797,
          0.28468102011943486,
          0.2844481240001409,
          0.2872030899244515,
          0.2826828646842264,
          0.28148502680071685
        ],
        "map": [
          0.09124311064189358,
          0.14625484925492221,
          0.18135858554207793,
          0.19930777533248062,
          0.21681990300897616,
          0.23278972170084217,
          0.24298888486779244,
          0.2520220372398251,
          0.2577856707708136,
          0.26413135779983393
        ],
        "ndcg": [
          0.44555555555555554,
          0.4213121634355692,
          0.4134657060443942,
          0.39969387017442726,
          0.39494406495718337,
          0.39611250771709533,
          0.3974453658126971,
          0.40402514962936076,
          0.4063291446989986,
          0.4118469718209455
        ],
        "mrr": [
          0.5511111111111111,
          0.6244444444444445,
          0.6466666666666665,
          0.6555555555555554,
          0.658222222222222,
          0.6597037037037036,
          0.6609735449735449,
          0.6648624338624337,
          0.6658500881834214,
          0.6671834215167547
        ]
      },
      "runtime_seconds": 30.637452840805054,
      "max_synonyms": 3
    }
  },
  "delta_best_vs_baseline_at_10": {
    "precision": -0.02444444444444438,
    "recall": -0.04064390073863744,
    "fscore": -0.02884457313974309,
    "map": -0.03844592684586334,
    "ndcg": -0.047074163255723,
    "mrr": -0.06965432098765467
  },
  "paths": {
    "summary_json": "/home/crimson/Projects/Acads/NLP/Project/NLP_ASSIGNMENT2/project/ritisha/wordnet/output_wordnet/summary.json",
    "summary_csv": "/home/crimson/Projects/Acads/NLP/Project/NLP_ASSIGNMENT2/project/ritisha/wordnet/output_wordnet/summary_k10.csv",
    "sweep_json": "/home/crimson/Projects/Acads/NLP/Project/NLP_ASSIGNMENT2/project/ritisha/wordnet/output_wordnet/context_window_sweep_results.json",
    "sweep_csv": "/home/crimson/Projects/Acads/NLP/Project/NLP_ASSIGNMENT2/project/ritisha/wordnet/output_wordnet/context_window_sweep_results.csv",
    "overlay_plot": "/home/crimson/Projects/Acads/NLP/Project/NLP_ASSIGNMENT2/project/ritisha/wordnet/output_wordnet/eval_overlay.png",
    "sweep_plot": "/home/crimson/Projects/Acads/NLP/Project/NLP_ASSIGNMENT2/project/ritisha/wordnet/output_wordnet/context_window_sweep_k10.png"
  }
}