{
  "metrics_by_k": {
    "precision": [
      0.6177777777777778,
      0.54,
      0.4755555555555556,
      0.4266666666666667,
      0.3857777777777783,
      0.3570370370370368,
      0.3282539682539685,
      0.305,
      0.28740740740740756,
      0.2724444444444445
    ],
    "recall": [
      0.1007550550164585,
      0.1765611278833157,
      0.22514516199420292,
      0.2642972969451208,
      0.2936589871918686,
      0.32401975633243235,
      0.3431729062326411,
      0.3643454522902444,
      0.379739431345627,
      0.39683484392143165
    ],
    "fscore": [
      0.1666809819510868,
      0.2506623888534417,
      0.28515823692217723,
      0.3027629442457797,
      0.30839397721310063,
      0.31324429946627724,
      0.3094781708605744,
      0.3066356450396955,
      0.3022713912749059,
      0.29896163981774637
    ],
    "map": [
      0.1007550550164585,
      0.16381027198540102,
      0.20131531604666142,
      0.2276042428849797,
      0.2446882764333811,
      0.2594360855036845,
      0.26847742606995506,
      0.2775617060407293,
      0.28412137222827066,
      0.2905892536569364
    ],
    "ndcg": [
      0.52,
      0.48818145971977034,
      0.4565006128321453,
      0.44727038571815647,
      0.44157987210795074,
      0.4414547376892199,
      0.4412395863349811,
      0.4438197897483737,
      0.4471226716661566,
      0.4526598735299714
    ],
    "mrr": [
      0.6177777777777778,
      0.6911111111111111,
      0.7014814814814815,
      0.7081481481481482,
      0.7134814814814816,
      0.7164444444444444,
      0.718984126984127,
      0.7206507936507937,
      0.7221322751322751,
      0.7225767195767197
    ]
  },
  "k10": {
    "precision": 0.2724444444444445,
    "recall": 0.39683484392143165,
    "fscore": 0.29896163981774637,
    "map": 0.2905892536569364,
    "ndcg": 0.4526598735299714,
    "mrr": 0.7225767195767197
  },
  "runtime_seconds": 214.54700088500977,
  "n": 8
}