{
  "config": {
    "segmenter": "punkt",
    "tokenizer": "ptb",
    "vectorizer": {
      "sublinear_tf": true,
      "max_df": 0.95,
      "min_df": 2,
      "norm": "l2",
      "ngram_range": [
        1,
        1
      ]
    },
    "lsa": {
      "requested_components": 250,
      "used_components": 250,
      "explained_variance_ratio_sum": 0.5534389019012451
    },
    "hybrid": {
      "requested_components": 240,
      "used_components": 240,
      "tfidf_weight": 0.2,
      "explained_variance_ratio_sum": 0.5415154695510864
    }
  },
  "metrics": {
    "tfidf": {
      "precision": [
        0.6488888888888888,
        0.5466666666666666,
        0.48592592592592615,
        0.43444444444444447,
        0.38577777777777794,
        0.35851851851851846,
        0.33396825396825425,
        0.31666666666666665,
        0.29975308641975346,
        0.2835555555555557
      ],
      "recall": [
        0.10919181807099311,
        0.1808846901723276,
        0.228655709398868,
        0.2645503767399963,
        0.2883589899754627,
        0.3241227385725446,
        0.348107742542606,
        0.3713727081774375,
        0.3931739889591105,
        0.40999451439276363
      ],
      "fscore": [
        0.17995605255949076,
        0.2553472762527905,
        0.2892895675371615,
        0.30446858481409356,
        0.3048472553210024,
        0.3139135465213128,
        0.3146879496619435,
        0.3156957719630819,
        0.31440487254474014,
        0.31032959994045994
      ],
      "map": [
        0.10919181807099311,
        0.1728968396537754,
        0.21083802090496695,
        0.23545837908188896,
        0.24881274079236254,
        0.2650467742486182,
        0.2771464162778169,
        0.2883490910459071,
        0.29666185610703816,
        0.3025772846456973
      ],
      "ndcg": [
        0.5188888888888888,
        0.480851773712128,
        0.4586421306186382,
        0.44551456384575994,
        0.43517543010687126,
        0.4393412623021309,
        0.44188454174874475,
        0.44888521657621694,
        0.4552953198502894,
        0.4589211350766685
      ],
      "mrr": [
        0.6488888888888888,
        0.6977777777777778,
        0.7140740740740742,
        0.7207407407407408,
        0.726962962962963,
        0.7321481481481483,
        0.7334179894179895,
        0.7339735449735452,
        0.7359488536155205,
        0.7368377425044094
      ]
    },
    "lsa": {
      "precision": [
        0.7288888888888889,
        0.6155555555555555,
        0.5437037037037036,
        0.48777777777777775,
        0.4462222222222225,
        0.41185185185185175,
        0.38412698412698465,
        0.35833333333333334,
        0.3402469135802472,
        0.3226666666666666
      ],
      "recall": [
        0.12527053337777855,
        0.19938444293752997,
        0.2613717198706489,
        0.3059987354113898,
        0.34215221593032014,
        0.3710882616461601,
        0.3991493011875917,
        0.4198819859816798,
        0.4446254711716262,
        0.46414225324013253
      ],
      "fscore": [
        0.20503311130321625,
        0.28338009791084384,
        0.32901130198576883,
        0.34882793333106776,
        0.3584725958370146,
        0.36096054844942016,
        0.3620637622641889,
        0.3578229149954151,
        0.35715942047447646,
        0.3527356222130888
      ],
      "map": [
        0.12527053337777855,
        0.19396549151857856,
        0.24563629110188678,
        0.2775865824409035,
        0.303475638855653,
        0.3205515482348997,
        0.3354341721987562,
        0.3466519615568965,
        0.3574816451637529,
        0.36651432229930364
      ],
      "ndcg": [
        0.5766666666666667,
        0.5367740620903836,
        0.5163818839372272,
        0.5055634160936936,
        0.501675057249666,
        0.5007374221472227,
        0.5059430750995477,
        0.5074092421249441,
        0.5127008278175064,
        0.5169476396210516
      ],
      "mrr": [
        0.7288888888888889,
        0.7688888888888888,
        0.7837037037037036,
        0.7848148148148147,
        0.7857037037037038,
        0.7894074074074074,
        0.7925820105820105,
        0.7936931216931217,
        0.7951746031746032,
        0.7951746031746032
      ]
    },
    "hybrid": {
      "precision": [
        0.7422222222222222,
        0.6266666666666667,
        0.5466666666666667,
        0.4911111111111111,
        0.4568888888888891,
        0.4199999999999999,
        0.3853968253968257,
        0.36333333333333334,
        0.3402469135802471,
        0.32311111111111107
      ],
      "recall": [
        0.1254001630074082,
        0.20385718501027206,
        0.2637235136707185,
        0.3082487446613991,
        0.3519902791017166,
        0.3795608137853789,
        0.3998695772929253,
        0.426069010044082,
        0.4434844441875865,
        0.46419646010806476
      ],
      "fscore": [
        0.20619090775513035,
        0.28923611021130063,
        0.3314536435947771,
        0.35150920176259415,
        0.3684161922016636,
        0.36901969825882797,
        0.3629647726457666,
        0.3627692962136964,
        0.35669803599265865,
        0.3533492973918649
      ],
      "map": [
        0.1254001630074082,
        0.1973848024545562,
        0.247651905237999,
        0.28085702699563925,
        0.3095779601755989,
        0.3266678253845908,
        0.3382867434624097,
        0.3522057957808873,
        0.36142542587283727,
        0.36946790321165096
      ],
      "ndcg": [
        0.5866666666666667,
        0.5470878535934176,
        0.519746400542328,
        0.5103987887611815,
        0.5090272889252804,
        0.5084843110859195,
        0.5068284096080047,
        0.5119568094491588,
        0.5155551098386378,
        0.5219833360292628
      ],
      "mrr": [
        0.7422222222222222,
        0.7822222222222223,
        0.7925925925925926,
        0.7948148148148149,
        0.7983703703703705,
        0.8013333333333332,
        0.803873015873016,
        0.8044285714285715,
        0.8044285714285715,
        0.8053174603174602
      ]
    }
  },
  "k10": {
    "tfidf": {
      "precision": 0.2835555555555557,
      "recall": 0.40999451439276363,
      "fscore": 0.31032959994045994,
      "map": 0.3025772846456973,
      "ndcg": 0.4589211350766685,
      "mrr": 0.7368377425044094
    },
    "lsa": {
      "precision": 0.3226666666666666,
      "recall": 0.46414225324013253,
      "fscore": 0.3527356222130888,
      "map": 0.36651432229930364,
      "ndcg": 0.5169476396210516,
      "mrr": 0.7951746031746032
    },
    "hybrid": {
      "precision": 0.32311111111111107,
      "recall": 0.46419646010806476,
      "fscore": 0.3533492973918649,
      "map": 0.36946790321165096,
      "ndcg": 0.5219833360292628,
      "mrr": 0.8053174603174602
    }
  }
}