{
  "baseline_tfidf": {
    "1": {
      "precision": 0.6488888888888888,
      "recall": 0.10972107893358737,
      "fscore": 0.18070727664404826,
      "map": 0.10972107893358737,
      "ndcg": 0.52,
      "mrr": 0.6488888888888888
    },
    "2": {
      "precision": 0.5511111111111111,
      "recall": 0.18437714605952035,
      "fscore": 0.26007689231574027,
      "map": 0.17523141135238215,
      "ndcg": 0.4800284381449147,
      "mrr": 0.7022222222222222
    },
    "3": {
      "precision": 0.48148148148148145,
      "recall": 0.22880055372350663,
      "fscore": 0.28870049563612815,
      "map": 0.21202584646733372,
      "ndcg": 0.45580839202268,
      "mrr": 0.7155555555555555
    },
    "4": {
      "precision": 0.4255555555555556,
      "recall": 0.2639327130073901,
      "fscore": 0.30175514467856906,
      "map": 0.23562746651608021,
      "ndcg": 0.4418899001072453,
      "mrr": 0.7233333333333334
    },
    "5": {
      "precision": 0.38755555555555554,
      "recall": 0.293312121448202,
      "fscore": 0.30864566122088444,
      "map": 0.2527066587987813,
      "ndcg": 0.4361326022805182,
      "mrr": 0.7286666666666666
    },
    "6": {
      "precision": 0.3637037037037037,
      "recall": 0.32399998478312414,
      "fscore": 0.3169215759111792,
      "map": 0.2684660330483516,
      "ndcg": 0.4397327466510792,
      "mrr": 0.7338518518518519
    },
    "7": {
      "precision": 0.3352380952380952,
      "recall": 0.3443028383461642,
      "fscore": 0.3138581782672447,
      "map": 0.2786539688849654,
      "ndcg": 0.44100791454700855,
      "mrr": 0.7363915343915344
    },
    "8": {
      "precision": 0.32,
      "recall": 0.37048958817470967,
      "fscore": 0.31764418156852914,
      "map": 0.29048098364007613,
      "ndcg": 0.4491993242623141,
      "mrr": 0.7363915343915344
    },
    "9": {
      "precision": 0.3002469135802469,
      "recall": 0.3874123827492284,
      "fscore": 0.3129737909493603,
      "map": 0.2970907822563882,
      "ndcg": 0.45259117446128516,
      "mrr": 0.7378730158730159
    },
    "10": {
      "precision": 0.2813333333333333,
      "recall": 0.4004766597938976,
      "fscore": 0.30591327188433276,
      "map": 0.3023784410028705,
      "ndcg": 0.454638732617823,
      "mrr": 0.7378730158730159
    }
  },
  "embedding_lsa": {
    "1": {
      "precision": 0.6488888888888888,
      "recall": 0.11287639275556786,
      "fscore": 0.184898189045487,
      "map": 0.11287639275556786,
      "ndcg": 0.51,
      "mrr": 0.6488888888888888
    },
    "2": {
      "precision": 0.5422222222222223,
      "recall": 0.18192656804753884,
      "fscore": 0.25635263763070126,
      "map": 0.1754426857829548,
      "ndcg": 0.4708186751361101,
      "mrr": 0.6933333333333334
    },
    "3": {
      "precision": 0.47259259259259256,
      "recall": 0.22674066345515403,
      "fscore": 0.28540766949788476,
      "map": 0.20989385390104462,
      "ndcg": 0.44864151363509097,
      "mrr": 0.7140740740740741
    },
    "4": {
      "precision": 0.4288888888888889,
      "recall": 0.26429150853285227,
      "fscore": 0.30316535006008505,
      "map": 0.23590479068702325,
      "ndcg": 0.4382854611138481,
      "mrr": 0.7207407407407407
    },
    "5": {
      "precision": 0.39466666666666667,
      "recall": 0.29862693626301684,
      "fscore": 0.3143815392403538,
      "map": 0.25461585694370353,
      "ndcg": 0.43654507482496074,
      "mrr": 0.7322962962962963
    },
    "6": {
      "precision": 0.36,
      "recall": 0.3206527024358419,
      "fscore": 0.3136789826293702,
      "map": 0.2670973866098737,
      "ndcg": 0.4349432410836141,
      "mrr": 0.7337777777777778
    },
    "7": {
      "precision": 0.3358730158730159,
      "recall": 0.34487876469402035,
      "fscore": 0.3144948392355688,
      "map": 0.2794314368908476,
      "ndcg": 0.4379910699313877,
      "mrr": 0.7344126984126984
    },
    "8": {
      "precision": 0.31777777777777777,
      "recall": 0.36914789075200094,
      "fscore": 0.31604076161295386,
      "map": 0.2905202303299506,
      "ndcg": 0.4440412910702829,
      "mrr": 0.7355238095238095
    },
    "9": {
      "precision": 0.29530864197530865,
      "recall": 0.38092529368112804,
      "fscore": 0.30795899652586417,
      "map": 0.29596460726232243,
      "ndcg": 0.44605785005654486,
      "mrr": 0.7365114638447972
    },
    "10": {
      "precision": 0.2786666666666667,
      "recall": 0.3981690499248842,
      "fscore": 0.30403311614211875,
      "map": 0.3014725043035528,
      "ndcg": 0.4507353027566618,
      "mrr": 0.7365114638447972
    }
  }
}