{"recall":0.41380205315813656,"ndcg@10":0.47897940990814225,"precision":0.2862222222222222,"recall@10":0.41380205315813656,"map":0.34417223901906446,"_step":10,"mrr":0.7686067019400353,"ndcg":0.47897940990814225,"_wandb":{"runtime":5},"map@10":0.34417223901906446,"precision@10":0.2862222222222222,"mrr@10":0.7686067019400353,"k":10,"_runtime":5,"_timestamp":1.7774830543342612e+09}