{
  "1": {
    "precision": 0.6577777777777778,
    "recall": 0.11134552855803702,
    "fscore": 0.18352860346537508,
    "map": 0.11134552855803702,
    "ndcg": 0.5133333333333333,
    "mrr": 0.6577777777777778
  },
  "2": {
    "precision": 0.5466666666666666,
    "recall": 0.18359963961534725,
    "fscore": 0.2585924965372268,
    "map": 0.17586299581729994,
    "ndcg": 0.4756126929289146,
    "mrr": 0.7022222222222222
  },
  "3": {
    "precision": 0.47703703703703704,
    "recall": 0.22793550954473696,
    "fscore": 0.28684847474489156,
    "map": 0.20971424533547114,
    "ndcg": 0.45211362649939923,
    "mrr": 0.7229629629629629
  },
  "4": {
    "precision": 0.4388888888888889,
    "recall": 0.2701323999351472,
    "fscore": 0.3097520525084288,
    "map": 0.23749492164118927,
    "ndcg": 0.44580524598447596,
    "mrr": 0.734074074074074
  },
  "5": {
    "precision": 0.39555555555555555,
    "recall": 0.2984754211115017,
    "fscore": 0.3147914730342603,
    "map": 0.2552318871448214,
    "ndcg": 0.43926424504482803,
    "mrr": 0.7367407407407408
  },
  "6": {
    "precision": 0.36592592592592593,
    "recall": 0.32663391258371866,
    "fscore": 0.31940347366507404,
    "map": 0.27043339539208133,
    "ndcg": 0.4408565727790299,
    "mrr": 0.7397037037037038
  },
  "7": {
    "precision": 0.34158730158730155,
    "recall": 0.35159254428292896,
    "fscore": 0.32020116744944954,
    "map": 0.28280069523018797,
    "ndcg": 0.44454736196219446,
    "mrr": 0.7422433862433861
  },
  "8": {
    "precision": 0.31722222222222224,
    "recall": 0.3697494972065486,
    "fscore": 0.31570966670930994,
    "map": 0.2916334621546216,
    "ndcg": 0.44660391405976946,
    "mrr": 0.7422433862433861
  },
  "9": {
    "precision": 0.29975308641975307,
    "recall": 0.3868070390111492,
    "fscore": 0.31264981534114805,
    "map": 0.2987279848271399,
    "ndcg": 0.4512109424093581,
    "mrr": 0.7432310405643738
  },
  "10": {
    "precision": 0.2782222222222222,
    "recall": 0.39705255892333574,
    "fscore": 0.30306886661156013,
    "map": 0.302253016585505,
    "ndcg": 0.45204468224864053,
    "mrr": 0.7441199294532629
  }
}