{
  "1": {
    "precision": 0.6488888888888888,
    "recall": 0.11287639275556786,
    "fscore": 0.184898189045487,
    "map": 0.11287639275556786,
    "ndcg": 0.51,
    "mrr": 0.6488888888888888
  },
  "2": {
    "precision": 0.5422222222222223,
    "recall": 0.18192656804753884,
    "fscore": 0.25635263763070126,
    "map": 0.1754426857829548,
    "ndcg": 0.4708186751361101,
    "mrr": 0.6933333333333334
  },
  "3": {
    "precision": 0.47259259259259256,
    "recall": 0.22674066345515403,
    "fscore": 0.28540766949788476,
    "map": 0.20989385390104462,
    "ndcg": 0.44864151363509097,
    "mrr": 0.7140740740740741
  },
  "4": {
    "precision": 0.4288888888888889,
    "recall": 0.26429150853285227,
    "fscore": 0.30316535006008505,
    "map": 0.23590479068702325,
    "ndcg": 0.4382854611138481,
    "mrr": 0.7207407407407407
  },
  "5": {
    "precision": 0.39555555555555555,
    "recall": 0.2989973066333872,
    "fscore": 0.31490441505734723,
    "map": 0.2548380791659257,
    "ndcg": 0.43698052211165306,
    "mrr": 0.7322962962962963
  },
  "6": {
    "precision": 0.36,
    "recall": 0.3206527024358419,
    "fscore": 0.3136789826293702,
    "map": 0.26713442364691076,
    "ndcg": 0.43497488180706073,
    "mrr": 0.7337777777777778
  },
  "7": {
    "precision": 0.3358730158730159,
    "recall": 0.34487876469402035,
    "fscore": 0.3144948392355688,
    "map": 0.2794684739278846,
    "ndcg": 0.4380204366339987,
    "mrr": 0.7344126984126984
  },
  "8": {
    "precision": 0.31777777777777777,
    "recall": 0.36914789075200094,
    "fscore": 0.31604076161295386,
    "map": 0.29055726736698767,
    "ndcg": 0.44406878753375306,
    "mrr": 0.7355238095238095
  },
  "9": {
    "precision": 0.29530864197530865,
    "recall": 0.38092529368112804,
    "fscore": 0.30795899652586417,
    "map": 0.2960016442993595,
    "ndcg": 0.4460837712475962,
    "mrr": 0.7365114638447972
  },
  "10": {
    "precision": 0.2786666666666667,
    "recall": 0.3981690499248842,
    "fscore": 0.30403311614211875,
    "map": 0.3015095413405898,
    "ndcg": 0.45075987230626186,
    "mrr": 0.7365114638447972
  }
}