{
  "1": {
    "precision": 0.6444444444444445,
    "recall": 0.11020081886160317,
    "fscore": 0.18126020519697683,
    "map": 0.11020081886160317,
    "ndcg": 0.5122222222222222,
    "mrr": 0.6444444444444445
  },
  "2": {
    "precision": 0.5466666666666666,
    "recall": 0.18410266355696767,
    "fscore": 0.2592235691682995,
    "map": 0.1759865973843377,
    "ndcg": 0.47599081876498545,
    "mrr": 0.6933333333333334
  },
  "3": {
    "precision": 0.47851851851851845,
    "recall": 0.2277101749664612,
    "fscore": 0.28709186098827777,
    "map": 0.21072412774063012,
    "ndcg": 0.45341873595176024,
    "mrr": 0.7140740740740741
  },
  "4": {
    "precision": 0.43555555555555553,
    "recall": 0.2680220103247576,
    "fscore": 0.30745942700527695,
    "map": 0.23713136484937963,
    "ndcg": 0.4454727948122467,
    "mrr": 0.724074074074074
  },
  "5": {
    "precision": 0.39377777777777784,
    "recall": 0.29923847904122625,
    "fscore": 0.31466416824028887,
    "map": 0.2547727900908049,
    "ndcg": 0.43960455222808426,
    "mrr": 0.7294074074074074
  },
  "6": {
    "precision": 0.3651851851851852,
    "recall": 0.32543758422072355,
    "fscore": 0.31816416468066705,
    "map": 0.270092248289348,
    "ndcg": 0.4416485205069675,
    "mrr": 0.7308888888888888
  },
  "7": {
    "precision": 0.3422222222222222,
    "recall": 0.3511598381364973,
    "fscore": 0.3202156159129864,
    "map": 0.2834336736699276,
    "ndcg": 0.44547419003313865,
    "mrr": 0.7327936507936508
  },
  "8": {
    "precision": 0.3227777777777778,
    "recall": 0.37466116759861107,
    "fscore": 0.320576809874876,
    "map": 0.2932691280666565,
    "ndcg": 0.4498084294707748,
    "mrr": 0.7344603174603175
  },
  "9": {
    "precision": 0.29975308641975307,
    "recall": 0.3860626599334368,
    "fscore": 0.3122466656205017,
    "map": 0.2985317744737473,
    "ndcg": 0.45179647008713497,
    "mrr": 0.7349541446208113
  },
  "10": {
    "precision": 0.28,
    "recall": 0.4001938127312562,
    "fscore": 0.3052203956466805,
    "map": 0.30307807878671833,
    "ndcg": 0.45399337123039646,
    "mrr": 0.7358430335097002
  }
}