{
  "1": {
    "precision": 0.4311111111111111,
    "recall": 0.0721712899797523,
    "fscore": 0.1186109662732281,
    "map": 0.0721712899797523,
    "ndcg": 0.3211111111111111,
    "mrr": 0.4311111111111111
  },
  "2": {
    "precision": 0.4222222222222222,
    "recall": 0.14074668696361162,
    "fscore": 0.19888589519459535,
    "map": 0.12354226146899006,
    "ndcg": 0.3426095867646863,
    "mrr": 0.5311111111111111
  },
  "3": {
    "precision": 0.37629629629629624,
    "recall": 0.1858082735251982,
    "fscore": 0.23231817324774842,
    "map": 0.1555922546856499,
    "ndcg": 0.33588270735711356,
    "mrr": 0.5503703703703704
  },
  "4": {
    "precision": 0.35888888888888887,
    "recall": 0.23020421766820115,
    "fscore": 0.2609190950827962,
    "map": 0.18161109847802312,
    "ndcg": 0.3450409556178137,
    "mrr": 0.5681481481481482
  },
  "5": {
    "precision": 0.33244444444444443,
    "recall": 0.2626545919126931,
    "fscore": 0.2725423595649916,
    "map": 0.19734501082566097,
    "ndcg": 0.345677483007668,
    "mrr": 0.5752592592592592
  },
  "6": {
    "precision": 0.31333333333333335,
    "recall": 0.28664401199563294,
    "fscore": 0.27733715375941864,
    "map": 0.20921798989482523,
    "ndcg": 0.35185409242516985,
    "mrr": 0.578962962962963
  },
  "7": {
    "precision": 0.2996825396825397,
    "recall": 0.31366436078264837,
    "fscore": 0.2838572160548957,
    "map": 0.22091320085670285,
    "ndcg": 0.3599959086409749,
    "mrr": 0.5846772486772487
  },
  "8": {
    "precision": 0.28444444444444444,
    "recall": 0.33937372549201306,
    "fscore": 0.2867023640651701,
    "map": 0.22983854403204604,
    "ndcg": 0.36810971010260485,
    "mrr": 0.5863439153439154
  },
  "9": {
    "precision": 0.27259259259259255,
    "recall": 0.3593258456429162,
    "fscore": 0.2876789839162688,
    "map": 0.23839801816837392,
    "ndcg": 0.37487967657857113,
    "mrr": 0.5868377425044092
  },
  "10": {
    "precision": 0.26355555555555554,
    "recall": 0.3827820661605402,
    "fscore": 0.289836745159698,
    "map": 0.2471047247496419,
    "ndcg": 0.3842394280254134,
    "mrr": 0.5881710758377424
  }
}