{"_wandb":{"runtime":5},"precision":0.14844444444444446,"recall@10":0.22258986038759357,"map@10":0.16024193541614176,"precision@10":0.14844444444444446,"map":0.16024193541614176,"_step":10,"_timestamp":1.7774828852503462e+09,"k":10,"ndcg@10":0.25921039927911754,"mrr":0.4917072310405644,"ndcg":0.25921039927911754,"recall":0.22258986038759357,"mrr@10":0.4917072310405644,"_runtime":5}