{"mrr@10":0.6548977072310406,"recall":0.39118739131393837,"precision":0.2688888888888889,"recall@10":0.39118739131393837,"_wandb":{"runtime":8},"precision@10":0.2688888888888889,"_step":10,"k":10,"map":0.30514146860390245,"mrr":0.6548977072310406,"ndcg@10":0.43009705079360516,"_timestamp":1.7774826355918598e+09,"ndcg":0.43009705079360516,"_runtime":8,"map@10":0.30514146860390245}