{"ndcg":0.2493242405062142,"ndcg@10":0.2493242405062142,"_wandb":{"runtime":8},"_runtime":8,"map@10":0.1539672594552224,"recall@10":0.2152734968902187,"_step":10,"precision":0.14311111111111113,"mrr@10":0.4713121693121693,"recall":0.2152734968902187,"precision@10":0.14311111111111113,"k":10,"map":0.1539672594552224,"_timestamp":1.7774829167103856e+09,"mrr":0.4713121693121693}