{"recall":0.39842459777601585,"_wandb":{"runtime":6},"k":10,"mrr":0.7506296296296296,"precision@10":0.27599999999999997,"_step":10,"_timestamp":1.7774832359320488e+09,"map@10":0.326415752638504,"map":0.326415752638504,"recall@10":0.39842459777601585,"mrr@10":0.7506296296296296,"ndcg@10":0.4606363685308235,"ndcg":0.4606363685308235,"_runtime":6,"precision":0.27599999999999997}