{
  "metrics_by_k": {
    "precision": [
      0.6177777777777778,
      0.5422222222222223,
      0.48148148148148157,
      0.4266666666666667,
      0.38755555555555593,
      0.35481481481481475,
      0.3269841269841274,
      0.305,
      0.2869135802469137,
      0.2715555555555556
    ],
    "recall": [
      0.10105135131275478,
      0.17700557232776018,
      0.22741588509825933,
      0.26274703239485625,
      0.2954182464511279,
      0.3196687049147142,
      0.3421575000701762,
      0.36312702873848757,
      0.3777539556738767,
      0.3941086275089408
    ],
    "fscore": [
      0.16714274241284727,
      0.2514031295941825,
      0.28822924778266173,
      0.3016755456145214,
      0.30992836874749213,
      0.3103710788680991,
      0.30854816688709213,
      0.30611234481051297,
      0.30124230347644376,
      0.2976176792515635
    ],
    "map": [
      0.10105135131275478,
      0.16418064235577137,
      0.20342172404195827,
      0.2277578290107881,
      0.2467365715538984,
      0.25855316595409833,
      0.26865265376787195,
      0.27726915759685034,
      0.2840616758995967,
      0.2901742196376307
    ],
    "ndcg": [
      0.52,
      0.4882815907355108,
      0.46084693343391914,
      0.4481047273243767,
      0.44259766767113984,
      0.4391016351123435,
      0.4405773246103391,
      0.44399429292449155,
      0.4475186407768019,
      0.45152349697648864
    ],
    "mrr": [
      0.6177777777777778,
      0.6933333333333334,
      0.7022222222222222,
      0.71,
      0.7135555555555556,
      0.7187407407407408,
      0.7212804232804232,
      0.7223915343915344,
      0.7228853615520282,
      0.7242186948853614
    ]
  },
  "k10": {
    "precision": 0.2715555555555556,
    "recall": 0.3941086275089408,
    "fscore": 0.2976176792515635,
    "map": 0.2901742196376307,
    "ndcg": 0.45152349697648864,
    "mrr": 0.7242186948853614
  },
  "runtime_seconds": 121.60322618484497,
  "n": 5
}