{"ndcg@10":0.5179214804085462,"_runtime":11,"mrr":0.7850864197530865,"_wandb":{"runtime":11},"_step":10,"precision@10":0.3186666666666666,"ndcg":0.5179214804085462,"mrr@10":0.7850864197530865,"recall":0.4587354137345098,"precision":0.3186666666666666,"map":0.38372331051762265,"k":10,"recall@10":0.4587354137345098,"_timestamp":1.7774830861565576e+09,"map@10":0.38372331051762265}