{"mrr@10":0.30975308641975313,"map":0.101508471207413,"precision":0.116,"map@10":0.101508471207413,"_step":10,"ndcg":0.17608153127081214,"recall@10":0.168542500547084,"_runtime":5,"precision@10":0.116,"ndcg@10":0.17608153127081214,"recall":0.168542500547084,"k":10,"_wandb":{"runtime":5},"mrr":0.30975308641975313,"_timestamp":1.777483202456464e+09}