{"ndcg":0.5166534157827638,"precision@10":0.32666666666666666,"recall@10":0.4672888506285253,"_timestamp":1.7774828576083777e+09,"mrr":0.7637354497354497,"_runtime":4,"_wandb":{"runtime":4},"k":10,"recall":0.4672888506285253,"map":0.38400170347974577,"ndcg@10":0.5166534157827638,"map@10":0.38400170347974577,"mrr@10":0.7637354497354497,"precision":0.32666666666666666,"_step":10}