{"mrr":0.7506296296296296,"map@10":0.326415752638504,"recall":0.39842459777601585,"_step":10,"_runtime":1,"precision@10":0.27599999999999997,"ndcg@10":0.4606363685308235,"_timestamp":1.7774825467551677e+09,"_wandb":{"runtime":1},"map":0.326415752638504,"ndcg":0.4606363685308235,"recall@10":0.39842459777601585,"k":10,"mrr@10":0.7506296296296296,"precision":0.27599999999999997}