{"ndcg@10":0.5166534157827638,"recall":0.4672888506285253,"ndcg":0.5166534157827638,"_step":10,"_runtime":1,"mrr@10":0.7637354497354497,"mrr":0.7637354497354497,"_wandb":{"runtime":1},"_timestamp":1.7774824636201127e+09,"precision@10":0.32666666666666666,"precision":0.32666666666666666,"recall@10":0.4672888506285253,"map@10":0.38400170347974577,"map":0.38400170347974577,"k":10}