{"map@10":0.16024193541614176,"recall":0.22258986038759357,"map":0.16024193541614176,"_step":10,"precision@10":0.14844444444444446,"mrr":0.4917072310405644,"ndcg":0.25921039927911754,"_wandb":{"runtime":1},"_timestamp":1.7774839591976712e+09,"ndcg@10":0.25921039927911754,"mrr@10":0.4917072310405644,"precision":0.14844444444444446,"k":10,"_runtime":1,"recall@10":0.22258986038759357}