{
  "metrics_by_k": {
    "precision": [
      0.6222222222222222,
      0.5555555555555556,
      0.49185185185185204,
      0.43222222222222223,
      0.39377777777777817,
      0.3599999999999999,
      0.32698412698412727,
      0.30333333333333334,
      0.2879012345679014,
      0.27244444444444454
    ],
    "recall": [
      0.10439415276081937,
      0.1836896932302719,
      0.231596514925948,
      0.26727084191866574,
      0.3000972587968069,
      0.32422161496762436,
      0.33982926222233034,
      0.35990257552371374,
      0.3763835853035064,
      0.3955513082849549
    ],
    "fscore": [
      0.17124375251385737,
      0.259757208012777,
      0.29378019066693806,
      0.30613361840592757,
      0.31490983172895515,
      0.31499250682286034,
      0.3075786716669575,
      0.30396011151875135,
      0.30143713696539487,
      0.29870266533531126
    ],
    "map": [
      0.10439415276081937,
      0.17194101711130652,
      0.21002210277385072,
      0.23309112515206853,
      0.2524913844500289,
      0.26598816697486144,
      0.2728654747485278,
      0.28143242931767526,
      0.2891231620083853,
      0.2954253001026803
    ],
    "ndcg": [
      0.5222222222222223,
      0.49629824328746736,
      0.4690034344735292,
      0.45387328939651517,
      0.4493279899528704,
      0.44598400957288387,
      0.4438632817511612,
      0.4464847449307267,
      0.4513726859597972,
      0.45648761996729875
    ],
    "mrr": [
      0.6222222222222222,
      0.6977777777777778,
      0.7096296296296296,
      0.7185185185185184,
      0.722074074074074,
      0.7242962962962962,
      0.7274708994708993,
      0.7285820105820103,
      0.7285820105820103,
      0.7303597883597881
    ]
  },
  "k10": {
    "precision": 0.27244444444444454,
    "recall": 0.3955513082849549,
    "fscore": 0.29870266533531126,
    "map": 0.2954253001026803,
    "ndcg": 0.45648761996729875,
    "mrr": 0.7303597883597881
  },
  "runtime_seconds": 46.195194721221924,
  "n": 3
}