{
  "best_config": {
    "a": 0.01,
    "a_label": "1e-02",
    "n_components": 2,
    "runtime_seconds": 1.1618084907531738,
    "vector_size": 50,
    "embedding_source": "gensim_downloader",
    "embedding_source_label": "glove-wiki-gigaword-50",
    "present_in_model": 3215,
    "vocab_terms": 7043,
    "model_coverage": 0.4564816129490274,
    "corpus_probability_total_tokens": 130497,
    "corpus_probability_unique_terms": 7010,
    "avg_in_vocab_tokens_per_doc": 60.604285714285716,
    "avg_in_vocab_tokens_per_query": 6.337777777777778,
    "zero_vector_docs": 2,
    "zero_vector_queries": 0,
    "pc_removal_applied": true,
    "pc_explained_variance_ratio": [
      0.10019027756556227,
      0.12092506376205445
    ],
    "docs_used_for_svd": 1398,
    "metrics_by_k": {
      "precision": [
        0.2088888888888889,
        0.1688888888888889,
        0.13777777777777772,
        0.12444444444444444,
        0.10933333333333321,
        0.09925925925925931,
        0.09650793650793643,
        0.09444444444444444,
        0.0918518518518517,
        0.08711111111111117
      ],
      "recall": [
        0.03190761707428374,
        0.04950180815353227,
        0.0595582062713339,
        0.07537619568932333,
        0.08272732604045364,
        0.09024227842085565,
        0.10021123177486647,
        0.10947954502823722,
        0.12059126663995884,
        0.12854717492920045
      ],
      "fscore": [
        0.053304097309257274,
        0.07230665791365769,
        0.07797493713334784,
        0.08708134006319061,
        0.08719586470373922,
        0.08724276406075096,
        0.09070894617614224,
        0.09360193153600362,
        0.0962274767821917,
        0.09603269598721835
      ],
      "map": [
        0.03190761707428374,
        0.04586859811112685,
        0.051933659863323094,
        0.05778233711200034,
        0.06048892681859004,
        0.06260235261265593,
        0.06564699601280014,
        0.068508804154637,
        0.07051599449516069,
        0.07182516557099844
      ],
      "ndcg": [
        0.16111111111111112,
        0.1477240775864731,
        0.13513240882598057,
        0.13442441273322134,
        0.13135891703811078,
        0.13085814236199803,
        0.13436425742547062,
        0.13835115084287414,
        0.14217061425888938,
        0.1447382865233125
      ],
      "mrr": [
        0.2088888888888889,
        0.24,
        0.2518518518518518,
        0.2651851851851852,
        0.2687407407407408,
        0.2731851851851852,
        0.2776296296296297,
        0.2815185185185186,
        0.2854691358024693,
        0.28813580246913595
      ]
    },
    "precision_at_10": 0.08711111111111117,
    "recall_at_10": 0.12854717492920045,
    "fscore_at_10": 0.09603269598721835,
    "map_at_10": 0.07182516557099844,
    "ndcg_at_10": 0.1447382865233125,
    "mrr_at_10": 0.28813580246913595
  },
  "metrics_by_k": {
    "precision": [
      0.2088888888888889,
      0.1688888888888889,
      0.13777777777777772,
      0.12444444444444444,
      0.10933333333333321,
      0.09925925925925931,
      0.09650793650793643,
      0.09444444444444444,
      0.0918518518518517,
      0.08711111111111117
    ],
    "recall": [
      0.03190761707428374,
      0.04950180815353227,
      0.0595582062713339,
      0.07537619568932333,
      0.08272732604045364,
      0.09024227842085565,
      0.10021123177486647,
      0.10947954502823722,
      0.12059126663995884,
      0.12854717492920045
    ],
    "fscore": [
      0.053304097309257274,
      0.07230665791365769,
      0.07797493713334784,
      0.08708134006319061,
      0.08719586470373922,
      0.08724276406075096,
      0.09070894617614224,
      0.09360193153600362,
      0.0962274767821917,
      0.09603269598721835
    ],
    "map": [
      0.03190761707428374,
      0.04586859811112685,
      0.051933659863323094,
      0.05778233711200034,
      0.06048892681859004,
      0.06260235261265593,
      0.06564699601280014,
      0.068508804154637,
      0.07051599449516069,
      0.07182516557099844
    ],
    "ndcg": [
      0.16111111111111112,
      0.1477240775864731,
      0.13513240882598057,
      0.13442441273322134,
      0.13135891703811078,
      0.13085814236199803,
      0.13436425742547062,
      0.13835115084287414,
      0.14217061425888938,
      0.1447382865233125
    ],
    "mrr": [
      0.2088888888888889,
      0.24,
      0.2518518518518518,
      0.2651851851851852,
      0.2687407407407408,
      0.2731851851851852,
      0.2776296296296297,
      0.2815185185185186,
      0.2854691358024693,
      0.28813580246913595
    ]
  },
  "k10": {
    "precision": 0.08711111111111117,
    "recall": 0.12854717492920045,
    "fscore": 0.09603269598721835,
    "map": 0.07182516557099844,
    "ndcg": 0.1447382865233125,
    "mrr": 0.28813580246913595
  },
  "runtime_seconds": 10.535497665405273,
  "best_config_runtime_seconds": 1.1618084907531738,
  "vector_size": 50,
  "embedding_source": "gensim_downloader",
  "embedding_source_label": "glove-wiki-gigaword-50",
  "present_in_model": 3215,
  "vocab_terms": 7043,
  "model_coverage": 0.4564816129490274,
  "corpus_probability_total_tokens": 130497,
  "corpus_probability_unique_terms": 7010,
  "avg_in_vocab_tokens_per_doc": 60.604285714285716,
  "avg_in_vocab_tokens_per_query": 6.337777777777778,
  "zero_vector_docs": 2,
  "zero_vector_queries": 0,
  "pc_removal_applied": true,
  "pc_explained_variance_ratio": [
    0.10019027756556227,
    0.12092506376205445
  ],
  "docs_used_for_svd": 1398
}