{
  "metrics_by_k": {
    "precision": [
      0.5333333333333333,
      0.4777777777777778,
      0.4222222222222223,
      0.37555555555555553,
      0.3431111111111116,
      0.317037037037037,
      0.30285714285714327,
      0.2861111111111111,
      0.269135802469136,
      0.25511111111111134
    ],
    "recall": [
      0.08784732741277701,
      0.15187676333633057,
      0.19672886498721515,
      0.22721334868482657,
      0.2555455288503401,
      0.27963650966939113,
      0.30932492601273087,
      0.3298579830065721,
      0.3509398474021618,
      0.3649377322333801
    ],
    "fscore": [
      0.14417738624625276,
      0.21590140573502478,
      0.24902141253599225,
      0.26091218071995903,
      0.26960572127884896,
      0.2733661462616676,
      0.2810086537658306,
      0.28187702463509906,
      0.28082070660118913,
      0.2771803562489745
    ],
    "map": [
      0.08784732741277701,
      0.14011881975485757,
      0.17342419712609033,
      0.19183334734771784,
      0.20759743634514025,
      0.22062044279504722,
      0.23309276065693954,
      0.2416735510539063,
      0.24851380440178497,
      0.25380484854282914
    ],
    "ndcg": [
      0.43333333333333335,
      0.41431819291549216,
      0.3953324680039122,
      0.38809309584367985,
      0.38360896144513373,
      0.3839784121197547,
      0.3890078636969379,
      0.3930418999260376,
      0.39785586744928614,
      0.40196894507594855
    ],
    "mrr": [
      0.5333333333333333,
      0.6066666666666667,
      0.6170370370370369,
      0.6303703703703702,
      0.6365925925925925,
      0.640296296296296,
      0.6441058201058198,
      0.6463280423280421,
      0.6473156966490298,
      0.6486490299823631
    ]
  },
  "k10": {
    "precision": 0.25511111111111134,
    "recall": 0.3649377322333801,
    "fscore": 0.2771803562489745,
    "map": 0.25380484854282914,
    "ndcg": 0.40196894507594855,
    "mrr": 0.6486490299823631
  },
  "runtime_seconds": 28.845768213272095,
  "context_window": 12,
  "max_synonyms": 3
}