{"_wandb":{"runtime":3},"mrr":0.1167583774250441,"map":0.03073332843425436,"mrr@10":0.1167583774250441,"precision":0.042222222222222223,"ndcg@10":0.0598725454620575,"_step":10,"recall":0.058297922001370274,"_runtime":3,"precision@10":0.042222222222222223,"ndcg":0.0598725454620575,"map@10":0.03073332843425436,"k":10,"recall@10":0.058297922001370274,"_timestamp":1.7774834768273752e+09}