{
  "metrics_by_k": {
    "precision": [
      0.64,
      0.5488888888888889,
      0.5022222222222221,
      0.45111111111111113,
      0.40266666666666673,
      0.3718518518518518,
      0.3403174603174605,
      0.3194444444444444,
      0.29925925925925956,
      0.28088888888888897
    ],
    "recall": [
      0.10945123766374604,
      0.18303001036937197,
      0.24216319874961922,
      0.28052321178354434,
      0.30810708470075066,
      0.33471822845895316,
      0.354244328212504,
      0.3811124454753579,
      0.399803043198072,
      0.41344049833552704
    ],
    "fscore": [
      0.17981263262659716,
      0.2577548777641238,
      0.30435108101508357,
      0.3200002377731056,
      0.32256465773100584,
      0.32524376234142877,
      0.3205481501809271,
      0.3205530636877389,
      0.31624179614698283,
      0.30965631901471996
    ],
    "map": [
      0.10945123766374604,
      0.1731044093297358,
      0.21889523781860365,
      0.2438491599292754,
      0.26112372610384166,
      0.2756141566367559,
      0.2857167637712959,
      0.29691719751558915,
      0.3059147124326067,
      0.3108009885022162
    ],
    "ndcg": [
      0.5344444444444445,
      0.4952674963857954,
      0.47681617646949154,
      0.46671335138135467,
      0.45808285984278135,
      0.4587524636317616,
      0.45717691102243796,
      0.4625992100146178,
      0.4666076915695783,
      0.46978213403312014
    ],
    "mrr": [
      0.64,
      0.7022222222222222,
      0.7244444444444444,
      0.7344444444444445,
      0.7388888888888889,
      0.7403703703703702,
      0.7403703703703702,
      0.7409259259259259,
      0.7409259259259259,
      0.7418148148148147
    ]
  },
  "k10": {
    "precision": 0.28088888888888897,
    "recall": 0.41344049833552704,
    "fscore": 0.30965631901471996,
    "map": 0.3108009885022162,
    "ndcg": 0.46978213403312014,
    "mrr": 0.7418148148148147
  },
  "runtime_seconds": 0.1149449348449707,
  "vectorizer": {
    "sublinear_tf": true,
    "max_df": 0.9,
    "min_df": 2,
    "ngram_max": 1
  }
}