{"ndcg":0.16502601428854752,"precision":0.10222222222222224,"ndcg@10":0.16502601428854752,"mrr@10":0.322663139329806,"_runtime":7,"precision@10":0.10222222222222224,"map":0.09380003009434225,"_timestamp":1.7774826954960134e+09,"map@10":0.09380003009434225,"_wandb":{"runtime":7},"recall@10":0.14661157396813065,"k":10,"recall":0.14661157396813065,"mrr":0.322663139329806,"_step":10}