{"mrr@10":0.6072239858906525,"_wandb":{"runtime":1},"ndcg@10":0.3577435024732947,"precision@10":0.2222222222222222,"_timestamp":1.7774827275744698e+09,"map":0.23372011911760587,"recall@10":0.32286321991525724,"k":10,"_step":10,"map@10":0.23372011911760587,"_runtime":1,"mrr":0.6072239858906525,"recall":0.32286321991525724,"ndcg":0.3577435024732947,"precision":0.2222222222222222}