{
  "baseline_tfidf": {
    "1": {
      "precision": 0.6488888888888888,
      "recall": 0.10972107893358737,
      "fscore": 0.18070727664404826,
      "map": 0.10972107893358737,
      "ndcg": 0.52,
      "mrr": 0.6488888888888888
    },
    "2": {
      "precision": 0.5511111111111111,
      "recall": 0.18437714605952035,
      "fscore": 0.26007689231574027,
      "map": 0.17523141135238215,
      "ndcg": 0.4800284381449147,
      "mrr": 0.7022222222222222
    },
    "3": {
      "precision": 0.48148148148148145,
      "recall": 0.22880055372350663,
      "fscore": 0.28870049563612815,
      "map": 0.21202584646733372,
      "ndcg": 0.45580839202268,
      "mrr": 0.7155555555555555
    },
    "4": {
      "precision": 0.4255555555555556,
      "recall": 0.2639327130073901,
      "fscore": 0.30175514467856906,
      "map": 0.23562746651608021,
      "ndcg": 0.4418899001072453,
      "mrr": 0.7233333333333334
    },
    "5": {
      "precision": 0.38755555555555554,
      "recall": 0.293312121448202,
      "fscore": 0.30864566122088444,
      "map": 0.2527066587987813,
      "ndcg": 0.4361326022805182,
      "mrr": 0.7286666666666666
    },
    "6": {
      "precision": 0.3637037037037037,
      "recall": 0.32399998478312414,
      "fscore": 0.3169215759111792,
      "map": 0.2684660330483516,
      "ndcg": 0.4397327466510792,
      "mrr": 0.7338518518518519
    },
    "7": {
      "precision": 0.3352380952380952,
      "recall": 0.3443028383461642,
      "fscore": 0.3138581782672447,
      "map": 0.2786539688849654,
      "ndcg": 0.44100791454700855,
      "mrr": 0.7363915343915344
    },
    "8": {
      "precision": 0.32,
      "recall": 0.37048958817470967,
      "fscore": 0.31764418156852914,
      "map": 0.29048098364007613,
      "ndcg": 0.4491993242623141,
      "mrr": 0.7363915343915344
    },
    "9": {
      "precision": 0.3002469135802469,
      "recall": 0.3874123827492284,
      "fscore": 0.3129737909493603,
      "map": 0.2970907822563882,
      "ndcg": 0.45259117446128516,
      "mrr": 0.7378730158730159
    },
    "10": {
      "precision": 0.2813333333333333,
      "recall": 0.4004766597938976,
      "fscore": 0.30591327188433276,
      "map": 0.3023784410028705,
      "ndcg": 0.454638732617823,
      "mrr": 0.7378730158730159
    }
  },
  "embedding_lsa": {
    "1": {
      "precision": 0.64,
      "recall": 0.1125008423800175,
      "fscore": 0.18403046417776214,
      "map": 0.1125008423800175,
      "ndcg": 0.5055555555555555,
      "mrr": 0.64
    },
    "2": {
      "precision": 0.5444444444444444,
      "recall": 0.18263556275653353,
      "fscore": 0.25757309618449314,
      "map": 0.17660940794967697,
      "ndcg": 0.47108976359763344,
      "mrr": 0.6866666666666666
    },
    "3": {
      "precision": 0.47259259259259256,
      "recall": 0.22773537244986303,
      "fscore": 0.28627122569477426,
      "map": 0.21177133444519183,
      "ndcg": 0.44754804551818184,
      "mrr": 0.7074074074074074
    },
    "4": {
      "precision": 0.4266666666666667,
      "recall": 0.26332550767211454,
      "fscore": 0.30171337955411,
      "map": 0.2366164526442992,
      "ndcg": 0.43722208374679666,
      "mrr": 0.7151851851851851
    },
    "5": {
      "precision": 0.392,
      "recall": 0.2961031267392073,
      "fscore": 0.31200453236922926,
      "map": 0.25442207853238125,
      "ndcg": 0.4349065571808018,
      "mrr": 0.724074074074074
    },
    "6": {
      "precision": 0.3622222222222222,
      "recall": 0.32306010984324923,
      "fscore": 0.3157865664036206,
      "map": 0.26875193271354264,
      "ndcg": 0.4367286614723359,
      "mrr": 0.727037037037037
    },
    "7": {
      "precision": 0.3377777777777778,
      "recall": 0.34758482949541986,
      "fscore": 0.31694109257071096,
      "map": 0.2809165083080902,
      "ndcg": 0.44008926234365486,
      "mrr": 0.7289417989417989
    },
    "8": {
      "precision": 0.31666666666666665,
      "recall": 0.3687721671292185,
      "fscore": 0.31536453907006473,
      "map": 0.29081069605050847,
      "ndcg": 0.4441553813770027,
      "mrr": 0.7294973544973545
    },
    "9": {
      "precision": 0.2938271604938272,
      "recall": 0.3811825400533169,
      "fscore": 0.3073181240779742,
      "map": 0.295902596653738,
      "ndcg": 0.4460506627232346,
      "mrr": 0.7304850088183422
    },
    "10": {
      "precision": 0.27644444444444444,
      "recall": 0.3959033377741146,
      "fscore": 0.30197979175138623,
      "map": 0.30121031609479076,
      "ndcg": 0.4489198795622936,
      "mrr": 0.7304850088183422
    }
  }
}