{
  "metrics_by_k": {
    "precision": [
      0.5244444444444445,
      0.4822222222222222,
      0.4237037037037038,
      0.37333333333333335,
      0.3457777777777783,
      0.32296296296296273,
      0.30285714285714327,
      0.285,
      0.26814814814814825,
      0.2533333333333336
    ],
    "recall": [
      0.08463376319921277,
      0.1556928030471071,
      0.19869010035286674,
      0.22818075688998435,
      0.25869104545199706,
      0.2864313605139021,
      0.30948507794274854,
      0.32778977506117124,
      0.34720463000814233,
      0.36412189792541033
    ],
    "fscore": [
      0.1394786528808527,
      0.22047337697366265,
      0.2511418583669644,
      0.2610406371851141,
      0.2722803870805842,
      0.27869530377816304,
      0.2812065925468447,
      0.28075605892612754,
      0.27882063760306963,
      0.2757784121830598
    ],
    "map": [
      0.08463376319921277,
      0.14106128664469292,
      0.17310038592276716,
      0.18956983477509565,
      0.20682347279310154,
      0.22185460287230224,
      0.23266526170964547,
      0.24076272996397632,
      0.248013977029362,
      0.2532140411627595
    ],
    "ndcg": [
      0.42444444444444446,
      0.4144617677770434,
      0.396235382742771,
      0.38764108226076494,
      0.3858740960815822,
      0.38748865051161513,
      0.3899262118878997,
      0.3926251704247005,
      0.3967154152367474,
      0.40178327717513196
    ],
    "mrr": [
      0.5244444444444445,
      0.6066666666666667,
      0.62,
      0.6333333333333333,
      0.6395555555555554,
      0.6417777777777777,
      0.6436825396825396,
      0.6459047619047618,
      0.6468924162257494,
      0.647336860670194
    ]
  },
  "k10": {
    "precision": 0.2533333333333336,
    "recall": 0.36412189792541033,
    "fscore": 0.2757784121830598,
    "map": 0.2532140411627595,
    "ndcg": 0.40178327717513196,
    "mrr": 0.647336860670194
  },
  "runtime_seconds": 28.792093992233276,
  "context_window": 3,
  "max_synonyms": 3
}