{"k":10,"map":0.33868058495002934,"mrr":0.7518677248677248,"_timestamp":1.7774830011818454e+09,"mrr@10":0.7518677248677248,"_step":10,"precision@10":0.28844444444444445,"recall@10":0.4152127165934219,"ndcg@10":0.4725303230755017,"map@10":0.33868058495002934,"ndcg":0.4725303230755017,"_wandb":{"runtime":11},"precision":0.28844444444444445,"_runtime":11,"recall":0.4152127165934219}