{"_wandb":{"runtime":7},"precision":0.28844444444444445,"map@10":0.33868058495002934,"_runtime":7,"k":10,"mrr":0.7518677248677248,"map":0.33868058495002934,"_timestamp":1.7774825717213335e+09,"_step":10,"recall":0.4152127165934219,"recall@10":0.4152127165934219,"mrr@10":0.7518677248677248,"ndcg@10":0.4725303230755017,"precision@10":0.28844444444444445,"ndcg":0.4725303230755017}