{
  "1": {
    "precision": 0.6488888888888888,
    "recall": 0.11108561952619815,
    "fscore": 0.18223759817436982,
    "map": 0.11108561952619815,
    "ndcg": 0.5033333333333333,
    "mrr": 0.6488888888888888
  },
  "2": {
    "precision": 0.5466666666666666,
    "recall": 0.1848048749258457,
    "fscore": 0.2598588104702075,
    "map": 0.1766848653058361,
    "ndcg": 0.47293901338251415,
    "mrr": 0.6955555555555556
  },
  "3": {
    "precision": 0.47851851851851845,
    "recall": 0.22940733012182069,
    "fscore": 0.28889800632155493,
    "map": 0.21212016040805287,
    "ndcg": 0.4527608373546545,
    "mrr": 0.7162962962962962
  },
  "4": {
    "precision": 0.42777777777777776,
    "recall": 0.2623693812773917,
    "fscore": 0.30138563764239534,
    "map": 0.2355090988220331,
    "ndcg": 0.4390702344983637,
    "mrr": 0.7229629629629629
  },
  "5": {
    "precision": 0.3928888888888889,
    "recall": 0.2965450860144999,
    "fscore": 0.312552294411109,
    "map": 0.2543787386039536,
    "ndcg": 0.43627506939045235,
    "mrr": 0.7318518518518519
  },
  "6": {
    "precision": 0.36444444444444446,
    "recall": 0.32304439716086986,
    "fscore": 0.31674656065773255,
    "map": 0.268695832911244,
    "ndcg": 0.4379112206361293,
    "mrr": 0.7348148148148148
  },
  "7": {
    "precision": 0.3384126984126984,
    "recall": 0.34533578687911276,
    "fscore": 0.3159337690956858,
    "map": 0.28069556013107777,
    "ndcg": 0.4391475941463965,
    "mrr": 0.7354497354497355
  },
  "8": {
    "precision": 0.32055555555555554,
    "recall": 0.37256526966937986,
    "fscore": 0.3188946978002234,
    "map": 0.2921950874918796,
    "ndcg": 0.44662521129940913,
    "mrr": 0.7365608465608466
  },
  "9": {
    "precision": 0.29432098765432096,
    "recall": 0.3807947822172832,
    "fscore": 0.3075425531453931,
    "map": 0.29610260073923966,
    "ndcg": 0.4462708151331748,
    "mrr": 0.7375485008818342
  },
  "10": {
    "precision": 0.27955555555555556,
    "recall": 0.39929840822090923,
    "fscore": 0.30480855175463417,
    "map": 0.3022122071821794,
    "ndcg": 0.4514035220800018,
    "mrr": 0.7375485008818342
  }
}