{
  "metrics_by_k": {
    "precision": [
      0.6266666666666667,
      0.5444444444444444,
      0.4844444444444446,
      0.4266666666666667,
      0.38933333333333375,
      0.3562962962962961,
      0.327619047619048,
      0.3038888888888889,
      0.28691358024691377,
      0.2720000000000001
    ],
    "recall": [
      0.10371801797942146,
      0.17848705380924165,
      0.22808136341079646,
      0.2637840694318933,
      0.29753464856753,
      0.322872408618418,
      0.3429822863949624,
      0.3623157412605335,
      0.3781490174022718,
      0.3944049238052372
    ],
    "fscore": [
      0.17091378618389105,
      0.25318090737196025,
      0.28930861286202686,
      0.3023104662494421,
      0.3117802205993439,
      0.312651662482016,
      0.30923093661334006,
      0.30518542858947906,
      0.3013833969508705,
      0.29797323480711907
    ],
    "map": [
      0.10371801797942146,
      0.16699545717058623,
      0.20555785660946338,
      0.22911196797277017,
      0.2492504988756688,
      0.26193040897251774,
      0.2711355812253092,
      0.2791155194593887,
      0.28628193546936603,
      0.2924043557506099
    ],
    "ndcg": [
      0.53,
      0.4918691285554887,
      0.46444568084099713,
      0.45039731023660284,
      0.44604259295372856,
      0.44295121277926836,
      0.44363910735638834,
      0.4466575188955896,
      0.4503115345974827,
      0.45475928967228746
    ],
    "mrr": [
      0.6266666666666667,
      0.6977777777777778,
      0.7081481481481481,
      0.7170370370370369,
      0.7197037037037037,
      0.7234074074074074,
      0.7265820105820106,
      0.7276931216931216,
      0.7281869488536155,
      0.7295202821869488
    ]
  },
  "k10": {
    "precision": 0.2720000000000001,
    "recall": 0.3944049238052372,
    "fscore": 0.29797323480711907,
    "map": 0.2924043557506099,
    "ndcg": 0.45475928967228746,
    "mrr": 0.7295202821869488
  },
  "runtime_seconds": 84.50140285491943,
  "n": 4
}