{
  "metrics_by_k": {
    "precision": [
      0.6488888888888888,
      0.5466666666666666,
      0.48592592592592615,
      0.43444444444444447,
      0.38577777777777794,
      0.35851851851851846,
      0.33396825396825425,
      0.31666666666666665,
      0.29975308641975346,
      0.2835555555555557
    ],
    "recall": [
      0.10919181807099311,
      0.1808846901723276,
      0.228655709398868,
      0.2645503767399963,
      0.2883589899754627,
      0.3241227385725446,
      0.348107742542606,
      0.3713727081774375,
      0.3931739889591105,
      0.40999451439276363
    ],
    "fscore": [
      0.17995605255949076,
      0.2553472762527905,
      0.2892895675371615,
      0.30446858481409356,
      0.3048472553210024,
      0.3139135465213128,
      0.3146879496619435,
      0.3156957719630819,
      0.31440487254474014,
      0.31032959994045994
    ],
    "map": [
      0.10919181807099311,
      0.1728968396537754,
      0.21083802090496695,
      0.23545837908188896,
      0.24881274079236254,
      0.2650467742486182,
      0.2771464162778169,
      0.2883490910459071,
      0.29666185610703816,
      0.3025772846456973
    ],
    "ndcg": [
      0.5188888888888888,
      0.480851773712128,
      0.4586421306186382,
      0.44551456384575994,
      0.43517543010687126,
      0.4393412623021309,
      0.44188454174874475,
      0.44888521657621694,
      0.4552953198502894,
      0.4589211350766685
    ],
    "mrr": [
      0.6488888888888888,
      0.6977777777777778,
      0.7140740740740742,
      0.7207407407407408,
      0.726962962962963,
      0.7321481481481483,
      0.7334179894179895,
      0.7339735449735452,
      0.7359488536155205,
      0.7368377425044094
    ]
  },
  "k10": {
    "precision": 0.2835555555555557,
    "recall": 0.40999451439276363,
    "fscore": 0.31032959994045994,
    "map": 0.3025772846456973,
    "ndcg": 0.4589211350766685,
    "mrr": 0.7368377425044094
  },
  "runtime_seconds": 1.6517531871795654
}