{
  "metrics_by_k": {
    "precision": [
      0.5511111111111111,
      0.4866666666666667,
      0.44296296296296306,
      0.38666666666666666,
      0.35200000000000053,
      0.3288888888888886,
      0.3041269841269845,
      0.29,
      0.2720987654320988,
      0.25911111111111135
    ],
    "recall": [
      0.09124311064189358,
      0.1583224326767368,
      0.20792111008387654,
      0.23695677099933177,
      0.26465384808146636,
      0.2924461196339244,
      0.314629234630765,
      0.3369773736873663,
      0.3507938555973679,
      0.3693506136541262
    ],
    "fscore": [
      0.1499915145557371,
      0.22403598720293957,
      0.26261706996498313,
      0.27090127362469785,
      0.27829665905337797,
      0.28468102011943486,
      0.2844481240001409,
      0.2872030899244515,
      0.2826828646842264,
      0.28148502680071685
    ],
    "map": [
      0.09124311064189358,
      0.14625484925492221,
      0.18135858554207793,
      0.19930777533248062,
      0.21681990300897616,
      0.23278972170084217,
      0.24298888486779244,
      0.2520220372398251,
      0.2577856707708136,
      0.26413135779983393
    ],
    "ndcg": [
      0.44555555555555554,
      0.4213121634355692,
      0.4134657060443942,
      0.39969387017442726,
      0.39494406495718337,
      0.39611250771709533,
      0.3974453658126971,
      0.40402514962936076,
      0.4063291446989986,
      0.4118469718209455
    ],
    "mrr": [
      0.5511111111111111,
      0.6244444444444445,
      0.6466666666666665,
      0.6555555555555554,
      0.658222222222222,
      0.6597037037037036,
      0.6609735449735449,
      0.6648624338624337,
      0.6658500881834214,
      0.6671834215167547
    ]
  },
  "k10": {
    "precision": 0.25911111111111135,
    "recall": 0.3693506136541262,
    "fscore": 0.28148502680071685,
    "map": 0.26413135779983393,
    "ndcg": 0.4118469718209455,
    "mrr": 0.6671834215167547
  },
  "runtime_seconds": 30.637452840805054,
  "context_window": 1,
  "max_synonyms": 3
}