{"map":0.03739488116234148,"k":10,"precision":0.052,"precision@10":0.052,"_step":10,"mrr":0.148679012345679,"recall@10":0.07028075635751874,"_wandb":{"runtime":3},"recall":0.07028075635751874,"ndcg@10":0.07424856657047894,"mrr@10":0.148679012345679,"_runtime":3,"ndcg":0.07424856657047894,"map@10":0.03739488116234148,"_timestamp":1.7774834225367072e+09}