{"ndcg@10":0.17608153127081214,"_runtime":1,"recall":0.168542500547084,"recall@10":0.168542500547084,"precision@10":0.116,"_step":10,"map":0.101508471207413,"mrr":0.30975308641975313,"precision":0.116,"ndcg":0.17608153127081214,"mrr@10":0.30975308641975313,"_timestamp":1.777482525948012e+09,"map@10":0.101508471207413,"k":10,"_wandb":{"runtime":1}}