{"_step":10,"recall@10":0.4672888506285253,"ndcg@10":0.5166534157827638,"_timestamp":1.777484215483076e+09,"mrr":0.7637354497354497,"k":10,"precision@10":0.32666666666666666,"_runtime":1,"map":0.38400170347974577,"_wandb":{"runtime":1},"mrr@10":0.7637354497354497,"recall":0.4672888506285253,"map@10":0.38400170347974577,"ndcg":0.5166534157827638,"precision":0.32666666666666666}