{
  "metrics_by_k": {
    "precision": [
      0.6177777777777778,
      0.54,
      0.47703703703703715,
      0.4266666666666667,
      0.387555555555556,
      0.35629629629629606,
      0.32634920634920667,
      0.3061111111111111,
      0.28740740740740756,
      0.2724444444444445
    ],
    "recall": [
      0.1007550550164585,
      0.1765611278833157,
      0.2255640332464075,
      0.26404332869115255,
      0.29588120941409085,
      0.3220867757327851,
      0.34154451117091267,
      0.36509148403627617,
      0.37960362887649113,
      0.3964644735510613
    ],
    "fscore": [
      0.1666809819510868,
      0.2506623888534417,
      0.28577422132763525,
      0.3025833707328729,
      0.3103131691322924,
      0.3121682397235508,
      0.307968801807727,
      0.3074134228174732,
      0.30212357906360165,
      0.2988822747383813
    ],
    "map": [
      0.1007550550164585,
      0.16381027198540102,
      0.20159456354813113,
      0.22808675317304555,
      0.24602581317647335,
      0.2590375846218502,
      0.26797507031283746,
      0.27770159014251816,
      0.28424949854052395,
      0.2906247873765971
    ],
    "ndcg": [
      0.52,
      0.4872297432697049,
      0.45726637966142036,
      0.44714569508789953,
      0.4426633808831074,
      0.43990443091517445,
      0.4399614187325274,
      0.4442453916849393,
      0.44721150610573,
      0.45231858002045955
    ],
    "mrr": [
      0.6177777777777778,
      0.6911111111111111,
      0.7014814814814815,
      0.7070370370370371,
      0.7132592592592594,
      0.7169629629629628,
      0.7195026455026454,
      0.7211693121693121,
      0.7221569664902998,
      0.7226014109347442
    ]
  },
  "k10": {
    "precision": 0.2724444444444445,
    "recall": 0.3964644735510613,
    "fscore": 0.2988822747383813,
    "map": 0.2906247873765971,
    "ndcg": 0.45231858002045955,
    "mrr": 0.7226014109347442
  },
  "runtime_seconds": 205.19530391693115,
  "n": 7
}