{
  "metrics_by_k": {
    "precision": [
      0.5244444444444445,
      0.47333333333333333,
      0.4207407407407408,
      0.37,
      0.3395555555555561,
      0.31851851851851837,
      0.30222222222222267,
      0.2838888888888889,
      0.2666666666666667,
      0.25288888888888916
    ],
    "recall": [
      0.08430042986587945,
      0.15170729083352474,
      0.197915996289289,
      0.22678699470674846,
      0.2537624909006355,
      0.28419874193040634,
      0.31017674267827305,
      0.3292603707422932,
      0.3459805227761706,
      0.3628854228994617
    ],
    "fscore": [
      0.1389848257203589,
      0.2152176450512641,
      0.24955556357014327,
      0.2592870906779444,
      0.2671123498030213,
      0.2759157943986536,
      0.2817399526911279,
      0.2804878133285817,
      0.277829769780957,
      0.275118845265616
    ],
    "map": [
      0.08430042986587945,
      0.1377606347300059,
      0.17038590860887468,
      0.1876128360936818,
      0.20363729341584022,
      0.21810058133070756,
      0.23040562673386605,
      0.23802843924270783,
      0.2447234482601569,
      0.2505213368339076
    ],
    "ndcg": [
      0.42444444444444446,
      0.4091498272213128,
      0.39517510114896426,
      0.38439391766172265,
      0.38031034550785153,
      0.38458297279589587,
      0.3888224294331522,
      0.3915438839538963,
      0.39480148181817787,
      0.39933759933166446
    ],
    "mrr": [
      0.5244444444444445,
      0.6,
      0.6177777777777776,
      0.6288888888888887,
      0.635111111111111,
      0.6402962962962961,
      0.642201058201058,
      0.643312169312169,
      0.6442998236331566,
      0.6447442680776012
    ]
  },
  "k10": {
    "precision": 0.25288888888888916,
    "recall": 0.3628854228994617,
    "fscore": 0.275118845265616,
    "map": 0.2505213368339076,
    "ndcg": 0.39933759933166446,
    "mrr": 0.6447442680776012
  },
  "runtime_seconds": 28.802407264709473,
  "context_window": 5,
  "max_synonyms": 3
}