{
  "1": {
    "precision": 0.5733333333333334,
    "recall": 0.09998480855993755,
    "fscore": 0.16344416938094103,
    "map": 0.09998480855993755,
    "ndcg": 0.46111111111111114,
    "mrr": 0.5733333333333334
  },
  "2": {
    "precision": 0.44666666666666666,
    "recall": 0.14815804104163235,
    "fscore": 0.208902836921682,
    "map": 0.14144873400879593,
    "ndcg": 0.4007580899368706,
    "mrr": 0.6222222222222222
  },
  "3": {
    "precision": 0.41037037037037033,
    "recall": 0.1993195691782895,
    "fscore": 0.24973721615044484,
    "map": 0.1776587624227115,
    "ndcg": 0.39231497998434284,
    "mrr": 0.645925925925926
  },
  "4": {
    "precision": 0.39111111111111113,
    "recall": 0.24685273667690663,
    "fscore": 0.2807731032509136,
    "map": 0.20624271643479264,
    "ndcg": 0.3938232501351827,
    "mrr": 0.6637037037037038
  },
  "5": {
    "precision": 0.36444444444444446,
    "recall": 0.28161302577052905,
    "fscore": 0.2942849150258133,
    "map": 0.2258009063929826,
    "ndcg": 0.39696361460169444,
    "mrr": 0.669037037037037
  },
  "6": {
    "precision": 0.33111111111111113,
    "recall": 0.3026218392644,
    "fscore": 0.29209369551582914,
    "map": 0.2365687959392246,
    "ndcg": 0.395297090092084,
    "mrr": 0.6697777777777777
  },
  "7": {
    "precision": 0.3104761904761905,
    "recall": 0.32621123571924615,
    "fscore": 0.29418554321038304,
    "map": 0.24768442821147815,
    "ndcg": 0.39853220937898215,
    "mrr": 0.6735873015873015
  },
  "8": {
    "precision": 0.29555555555555557,
    "recall": 0.35123517502297974,
    "fscore": 0.29715149677190633,
    "map": 0.25814142351670394,
    "ndcg": 0.4058386816854087,
    "mrr": 0.6752539682539682
  },
  "9": {
    "precision": 0.2765432098765432,
    "recall": 0.36494641186166754,
    "fscore": 0.29132590931662267,
    "map": 0.2640829347207424,
    "ndcg": 0.40850175363407776,
    "mrr": 0.6762416225749559
  },
  "10": {
    "precision": 0.2644444444444444,
    "recall": 0.38427393858331194,
    "fscore": 0.290605115398612,
    "map": 0.27113283916633313,
    "ndcg": 0.41535369622578927,
    "mrr": 0.6771305114638447
  }
}