{
  "1": {
    "precision": 0.6622222222222223,
    "recall": 0.11372759483484013,
    "fscore": 0.18684750678427842,
    "map": 0.11372759483484013,
    "ndcg": 0.5177777777777778,
    "mrr": 0.6622222222222223
  },
  "2": {
    "precision": 0.5466666666666666,
    "recall": 0.18236127304364733,
    "fscore": 0.25702398226283024,
    "map": 0.17540398147232067,
    "ndcg": 0.47815716473508596,
    "mrr": 0.7088888888888889
  },
  "3": {
    "precision": 0.47407407407407404,
    "recall": 0.226474114730401,
    "fscore": 0.28516581680733166,
    "map": 0.21156862662414896,
    "ndcg": 0.45256404210369994,
    "mrr": 0.7222222222222222
  },
  "4": {
    "precision": 0.4266666666666667,
    "recall": 0.26290632970907696,
    "fscore": 0.3013757497987928,
    "map": 0.23790182203385676,
    "ndcg": 0.44021254568555557,
    "mrr": 0.7266666666666667
  },
  "5": {
    "precision": 0.3884444444444445,
    "recall": 0.29256256236530964,
    "fscore": 0.30905293725134886,
    "map": 0.253756279921648,
    "ndcg": 0.4343290313278695,
    "mrr": 0.7346666666666667
  },
  "6": {
    "precision": 0.3637037037037037,
    "recall": 0.3248955768453829,
    "fscore": 0.31728399035718496,
    "map": 0.2697232336287978,
    "ndcg": 0.440018789442769,
    "mrr": 0.7398518518518519
  },
  "7": {
    "precision": 0.3384126984126984,
    "recall": 0.34922477320143236,
    "fscore": 0.317624905294756,
    "map": 0.2831332702922743,
    "ndcg": 0.4429028217606411,
    "mrr": 0.7411216931216931
  },
  "8": {
    "precision": 0.31555555555555553,
    "recall": 0.3669455357359204,
    "fscore": 0.3138321948710538,
    "map": 0.29104724302977647,
    "ndcg": 0.44545932942214744,
    "mrr": 0.7427883597883598
  },
  "9": {
    "precision": 0.2982716049382716,
    "recall": 0.3861047561939238,
    "fscore": 0.3110914738723536,
    "map": 0.29919893765857275,
    "ndcg": 0.45051444258640294,
    "mrr": 0.7437760141093475
  },
  "10": {
    "precision": 0.2773333333333333,
    "recall": 0.3946142158700502,
    "fscore": 0.3013938813036229,
    "map": 0.3028591749521434,
    "ndcg": 0.45061730848129494,
    "mrr": 0.7437760141093475
  }
}