{
  "1": {
    "precision": 0.6533333333333333,
    "recall": 0.11420074741325587,
    "fscore": 0.18684750678427842,
    "map": 0.11420074741325587,
    "ndcg": 0.5188888888888888,
    "mrr": 0.6533333333333333
  },
  "2": {
    "precision": 0.5422222222222223,
    "recall": 0.18246421558518636,
    "fscore": 0.256813785052633,
    "map": 0.17690102374129277,
    "ndcg": 0.4773139733519399,
    "mrr": 0.6977777777777778
  },
  "3": {
    "precision": 0.46962962962962956,
    "recall": 0.22610792146947087,
    "fscore": 0.28413613493223255,
    "map": 0.2130991785932974,
    "ndcg": 0.4488839251033394,
    "mrr": 0.7111111111111111
  },
  "4": {
    "precision": 0.4255555555555556,
    "recall": 0.2637417334216736,
    "fscore": 0.3017782081627982,
    "map": 0.23803535914327106,
    "ndcg": 0.44069846780451744,
    "mrr": 0.7211111111111111
  },
  "5": {
    "precision": 0.38755555555555554,
    "recall": 0.2926001381748152,
    "fscore": 0.30885206405047566,
    "map": 0.2555425555206429,
    "ndcg": 0.4337198872424839,
    "mrr": 0.7273333333333334
  },
  "6": {
    "precision": 0.36074074074074075,
    "recall": 0.3220340499420603,
    "fscore": 0.31543605077041104,
    "map": 0.2701193717085702,
    "ndcg": 0.43767938025225084,
    "mrr": 0.7310370370370369
  },
  "7": {
    "precision": 0.3326984126984127,
    "recall": 0.343783248323375,
    "fscore": 0.31305789344365215,
    "map": 0.28169588314909205,
    "ndcg": 0.43877038083143977,
    "mrr": 0.7323068783068784
  },
  "8": {
    "precision": 0.31,
    "recall": 0.3642909500395391,
    "fscore": 0.3101696706919176,
    "map": 0.29025176222586896,
    "ndcg": 0.4428666296492386,
    "mrr": 0.7350846560846561
  },
  "9": {
    "precision": 0.29333333333333333,
    "recall": 0.38237638324716006,
    "fscore": 0.3077838639766195,
    "map": 0.2977875773563063,
    "ndcg": 0.4478739029075232,
    "mrr": 0.7360723104056438
  },
  "10": {
    "precision": 0.2791111111111111,
    "recall": 0.39853879746129844,
    "fscore": 0.30447288631114744,
    "map": 0.30370649305108405,
    "ndcg": 0.45249413307299075,
    "mrr": 0.7360723104056438
  }
}