{
  "1": {
    "precision": 0.6577777777777778,
    "recall": 0.11261648372372901,
    "fscore": 0.18506972900650065,
    "map": 0.11261648372372901,
    "ndcg": 0.5133333333333333,
    "mrr": 0.6577777777777778
  },
  "2": {
    "precision": 0.5422222222222223,
    "recall": 0.18154998556569318,
    "fscore": 0.25566034589919384,
    "map": 0.1742840520190579,
    "ndcg": 0.47307024426024846,
    "mrr": 0.7044444444444444
  },
  "3": {
    "precision": 0.47259259259259256,
    "recall": 0.2255711164940694,
    "fscore": 0.2839678949035274,
    "map": 0.21085316513090968,
    "ndcg": 0.45017965800364784,
    "mrr": 0.7162962962962962
  },
  "4": {
    "precision": 0.4266666666666667,
    "recall": 0.26304581984856706,
    "fscore": 0.30126515344258237,
    "map": 0.23683132206057902,
    "ndcg": 0.43903787271447753,
    "mrr": 0.724074074074074
  },
  "5": {
    "precision": 0.38666666666666666,
    "recall": 0.2924408692436165,
    "fscore": 0.30826367712875546,
    "map": 0.2527624033249936,
    "ndcg": 0.4319396626831682,
    "mrr": 0.7311851851851853
  },
  "6": {
    "precision": 0.35629629629629633,
    "recall": 0.317495351798099,
    "fscore": 0.3106525241032931,
    "map": 0.26618449255263843,
    "ndcg": 0.4342822653913582,
    "mrr": 0.7341481481481482
  },
  "7": {
    "precision": 0.3326984126984127,
    "recall": 0.34354420627380666,
    "fscore": 0.31247770064755137,
    "map": 0.27892036872570797,
    "ndcg": 0.4376399343491225,
    "mrr": 0.7366878306878306
  },
  "8": {
    "precision": 0.31555555555555553,
    "recall": 0.36449812388850855,
    "fscore": 0.3126776901480285,
    "map": 0.2887928804369452,
    "ndcg": 0.4427885414151049,
    "mrr": 0.7383544973544973
  },
  "9": {
    "precision": 0.29975308641975307,
    "recall": 0.388207690296858,
    "fscore": 0.31283506019577184,
    "map": 0.2981115326623287,
    "ndcg": 0.4496396064840379,
    "mrr": 0.7398359788359788
  },
  "10": {
    "precision": 0.28044444444444444,
    "recall": 0.39990671349588114,
    "fscore": 0.30538673431890156,
    "map": 0.30256368298114567,
    "ndcg": 0.45122000910952126,
    "mrr": 0.7402804232804232
  }
}