{
  "metrics_by_k": {
    "precision": [
      0.6222222222222222,
      0.54,
      0.48000000000000015,
      0.4255555555555556,
      0.38755555555555593,
      0.35629629629629617,
      0.32698412698412727,
      0.305,
      0.2869135802469137,
      0.27066666666666667
    ],
    "recall": [
      0.10149579575719923,
      0.1765611278833157,
      0.22630477398714824,
      0.26348777313559696,
      0.29588120941409085,
      0.3215205567665661,
      0.3420957716751144,
      0.3629750819198741,
      0.37838358530350635,
      0.3944768192300737
    ],
    "fscore": [
      0.16795082322092808,
      0.2506623888534417,
      0.28695940651282054,
      0.3018426299921321,
      0.3103131691322924,
      0.3120007084977287,
      0.3085111298500551,
      0.30601274941679985,
      0.3012802742202968,
      0.2971228391122789
    ],
    "map": [
      0.10149579575719923,
      0.1641806423557714,
      0.2024587610789953,
      0.22802502477798384,
      0.24685297367030049,
      0.2590862347371671,
      0.26845380015235165,
      0.2772370893564488,
      0.284401244253054,
      0.2903018054202819
    ],
    "ndcg": [
      0.5244444444444445,
      0.48847668815990763,
      0.46032750756392143,
      0.4480581257297936,
      0.44299421714042125,
      0.44087384922962364,
      0.4410282143729891,
      0.44448196383449756,
      0.44763329425448034,
      0.45208426372392174
    ],
    "mrr": [
      0.6222222222222222,
      0.6933333333333334,
      0.7037037037037037,
      0.7092592592592593,
      0.7145925925925927,
      0.7205185185185184,
      0.7224232804232803,
      0.7235343915343914,
      0.7240282186948853,
      0.7249171075837741
    ]
  },
  "k10": {
    "precision": 0.27066666666666667,
    "recall": 0.3944768192300737,
    "fscore": 0.2971228391122789,
    "map": 0.2903018054202819,
    "ndcg": 0.45208426372392174,
    "mrr": 0.7249171075837741
  },
  "runtime_seconds": 167.81994938850403,
  "n": 6
}