{"_timestamp":1.777482710055713e+09,"ndcg":0.12582390333842347,"mrr@10":0.21621869488536152,"k":10,"map@10":0.0687610572212424,"precision@10":0.08711111111111111,"map":0.0687610572212424,"_step":10,"recall@10":0.12695165165770125,"_runtime":2,"_wandb":{"runtime":2},"precision":0.08711111111111111,"mrr":0.21621869488536152,"recall":0.12695165165770125,"ndcg@10":0.12582390333842347}