{
  "backbone": "lsa_term",
  "label": "LSA term space",
  "notes": "Adapted application on latent term embeddings from SVD.",
  "doc_token_coverage": 1.0,
  "query_token_coverage": 0.9774794283239497,
  "best_config": {
    "a": 0.0001,
    "a_label": "1e-04",
    "n_components": 1
  },
  "metrics_by_k": {
    "precision": [
      0.6577777777777778,
      0.6088888888888889,
      0.5511111111111112,
      0.5044444444444445,
      0.45155555555555554,
      0.4103703703703706,
      0.386666666666667,
      0.3672222222222222,
      0.3501234567901236,
      0.3311111111111112
    ],
    "recall": [
      0.11219100796491983,
      0.20359768960371785,
      0.2664970996966478,
      0.3175856729740757,
      0.35040684564109015,
      0.37792921216345665,
      0.40961702073632267,
      0.4346747061881258,
      0.4602940303539109,
      0.4785499824753128
    ],
    "fscore": [
      0.18353529268259056,
      0.2871471470779618,
      0.3344844710462759,
      0.36118169723308857,
      0.3645324804843898,
      0.36334058273660813,
      0.36803046359045827,
      0.3685366048070877,
      0.36865162048302935,
      0.36286295351889175
    ],
    "map": [
      0.11219100796491983,
      0.19401110951713774,
      0.24682763556880735,
      0.28297512644127243,
      0.3048032551127412,
      0.32178565851181123,
      0.33991915470606265,
      0.35383994390234186,
      0.36672572273878284,
      0.3748074728783085
    ],
    "ndcg": [
      0.5244444444444445,
      0.5230567670133094,
      0.5038160960137849,
      0.501087107774341,
      0.4933736106592432,
      0.49260434826723765,
      0.49743450231025466,
      0.5030908923066979,
      0.5106366636249212,
      0.5160094134384564
    ],
    "mrr": [
      0.6577777777777778,
      0.7155555555555555,
      0.725925925925926,
      0.737037037037037,
      0.7405925925925926,
      0.7435555555555553,
      0.7448253968253966,
      0.7464920634920632,
      0.7464920634920632,
      0.7469365079365078
    ]
  },
  "k10": {
    "precision": 0.3311111111111112,
    "recall": 0.4785499824753128,
    "fscore": 0.36286295351889175,
    "map": 0.3748074728783085,
    "ndcg": 0.5160094134384564,
    "mrr": 0.7469365079365078
  },
  "runtime_seconds": 12.034698486328125,
  "significance": {
    "ap_at_10_pvalue": 4.999750012499375e-05,
    "ndcg_at_10_pvalue": 4.999750012499375e-05
  }
}