{
  "backbone": "tfidf_term",
  "label": "TF-IDF term space",
  "notes": "Adapted application on term-document profile vectors.",
  "doc_token_coverage": 1.0,
  "query_token_coverage": 0.9774794283239497,
  "best_config": {
    "a": 0.001,
    "a_label": "1e-03",
    "n_components": 2
  },
  "metrics_by_k": {
    "precision": [
      0.6977777777777778,
      0.6111111111111112,
      0.5466666666666666,
      0.4855555555555556,
      0.43733333333333346,
      0.4007407407407408,
      0.37523809523809565,
      0.34944444444444445,
      0.32790123456790166,
      0.3133333333333334
    ],
    "recall": [
      0.11655552616277136,
      0.20252377586313738,
      0.26120822372149743,
      0.2988545830763191,
      0.3291435423874663,
      0.3586355278063048,
      0.3884623146848158,
      0.4107608556500234,
      0.4278243582456423,
      0.4513039650585825
    ],
    "fscore": [
      0.19126882983305238,
      0.2860707666682481,
      0.3295119250737298,
      0.34315449403457465,
      0.34734226777329036,
      0.349419095349863,
      0.3524115850365763,
      0.3486685628846034,
      0.34315801586452754,
      0.34290863299671887
    ],
    "map": [
      0.11655552616277136,
      0.19364811448747607,
      0.24274102029591765,
      0.2704242580105019,
      0.2907765635805578,
      0.3086269449724739,
      0.3240943682625572,
      0.33500638525790755,
      0.34295209589387443,
      0.3527863098280885
    ],
    "ndcg": [
      0.55,
      0.5284373888137954,
      0.5056997172982118,
      0.4951650205758529,
      0.4863444830873176,
      0.48497200111870975,
      0.4902544924134975,
      0.4938958937456958,
      0.49666449829961823,
      0.5034370436000826
    ],
    "mrr": [
      0.6977777777777778,
      0.7444444444444445,
      0.7592592592592593,
      0.7670370370370371,
      0.7705925925925926,
      0.7705925925925926,
      0.7744021164021164,
      0.7755132275132275,
      0.7760070546737213,
      0.7768959435626102
    ]
  },
  "k10": {
    "precision": 0.3133333333333334,
    "recall": 0.4513039650585825,
    "fscore": 0.34290863299671887,
    "map": 0.3527863098280885,
    "ndcg": 0.5034370436000826,
    "mrr": 0.7768959435626102
  },
  "runtime_seconds": 14.25105881690979,
  "significance": {
    "ap_at_10_pvalue": 4.999750012499375e-05,
    "ndcg_at_10_pvalue": 4.999750012499375e-05
  }
}