{"_step":10,"_runtime":8,"map":0.3181976484420929,"ndcg@10":0.45000095329344486,"k":10,"recall@10":0.3964620903755311,"mrr":0.7117442680776014,"_timestamp":1.777483527080205e+09,"ndcg":0.45000095329344486,"precision":0.27911111111111114,"recall":0.3964620903755311,"map@10":0.3181976484420929,"mrr@10":0.7117442680776014,"_wandb":{"runtime":8},"precision@10":0.27911111111111114}