{
  "source": "pretrained",
  "source_label": "pretrained:glove-wiki-gigaword-100",
  "metrics_by_k": {
    "precision": [
      0.28888888888888886,
      0.22444444444444445,
      0.20000000000000012,
      0.17888888888888888,
      0.16355555555555554,
      0.15111111111111117,
      0.14158730158730143,
      0.1338888888888889,
      0.127901234567901,
      0.12088888888888888
    ],
    "recall": [
      0.04507320230127246,
      0.06925803598610614,
      0.08862626783939545,
      0.10592101896221676,
      0.1225788672867317,
      0.13538423969210414,
      0.14711675047633907,
      0.15807499774831188,
      0.16640037245874417,
      0.1723421714005431
    ],
    "fscore": [
      0.07532795362723124,
      0.10006961091701069,
      0.1153115526053702,
      0.12401931863288275,
      0.13043401198460197,
      0.13284438798409925,
      0.13412769691883325,
      0.13469983387634932,
      0.13405326190276107,
      0.131903424429641
    ],
    "map": [
      0.04507320230127246,
      0.0630540116154151,
      0.0756412951421622,
      0.08408981708805259,
      0.09019387352544236,
      0.09461600530312972,
      0.09869097163096961,
      0.10133963261051296,
      0.10351262507852457,
      0.10553228998152281
    ],
    "ndcg": [
      0.21888888888888888,
      0.1935774513311829,
      0.18686574986361507,
      0.18371474503084723,
      0.18209878571768853,
      0.18312765432547062,
      0.18581382505074173,
      0.19016468143053222,
      0.19316023422844697,
      0.19454712707400904
    ],
    "mrr": [
      0.28888888888888886,
      0.3244444444444444,
      0.34518518518518515,
      0.3562962962962963,
      0.36518518518518517,
      0.36962962962962964,
      0.37343915343915346,
      0.37677248677248676,
      0.3782539682539683,
      0.3791428571428571
    ]
  },
  "k10": {
    "precision": 0.12088888888888888,
    "recall": 0.1723421714005431,
    "fscore": 0.131903424429641,
    "map": 0.10553228998152281,
    "ndcg": 0.19454712707400904,
    "mrr": 0.3791428571428571
  },
  "runtime_seconds": 2.575502872467041,
  "vector_size": 100,
  "present_in_model": 3206,
  "model_coverage": 0.4573466476462197,
  "avg_in_vocab_tokens_per_doc": 60.604285714285716,
  "avg_in_vocab_tokens_per_query": 6.222222222222222,
  "zero_vector_docs": 2,
  "zero_vector_queries": 0,
  "per_query": {
    "average_precision": [
      0.03284072249589491,
      0.0,
      0.0,
      0.5555555555555555,
      0.0,
      0.0,
      0.16666666666666666,
      0.13888888888888887,
      0.0,
      0.027777777777777776,
      0.1527777777777778,
      0.016666666666666666,
      0.2,
      0.05555555555555555,
      0.041666666666666664,
      0.0,
      0.0,
      0.0,
      0.0125,
      0.0,
      0.04,
      0.0,
      0.015151515151515152,
      0.0,
      0.0,
      0.02040816326530612,
      0.1875,
      0.0,
      0.13333333333333333,
      0.0,
      0.0,
      0.14285714285714285,
      0.05,
      0.0,
      0.05,
      0.1111111111111111,
      0.06666666666666667,
      0.0,
      0.014285714285714287,
      0.0,
      0.5,
      0.2333333333333333,
      0.0,
      0.0,
      0.044871794871794865,
      0.196875,
      0.02592592592592592,
      0.08333333333333333,
      0.3,
      0.0,
      0.0,
      0.27999999999999997,
      0.0,
      0.1,
      0.011363636363636364,
      0.09090909090909091,
      0.06666666666666667,
      0.0,
      0.05,
      0.5,
      0.0,
      0.05555555555555555,
      0.0,
      0.0,
      0.26875,
      0.12222222222222223,
      0.3777777777777778,
      0.0,
      0.0,
      0.0,
      0.037037037037037035,
      0.05555555555555555,
      0.03571428571428571,
      0.0,
      0.09722222222222221,
      0.0,
      0.0,
      0.125,
      0.0,
      0.0,
      0.0,
      0.16666666666666666,
      0.0,
      0.0,
      0.0,
      0.0,
      0.0,
      0.42857142857142855,
      0.0642857142857143,
      0.014285714285714287,
      0.0,
      0.02619047619047619,
      0.5,
      0.2554945054945055,
      0.0,
      0.01020408163265306,
      0.0101010101010101,
      0.16666666666666666,
      0.2,
      0.06999999999999999,
      0.23809523809523808,
      0.11666666666666665,
      0.06666666666666667,
      0.023809523809523808,
      0.3333333333333333,
      0.03333333333333333,
      0.020833333333333332,
      0.0,
      0.0,
      0.02222222222222222,
      0.42038690476190477,
      0.42857142857142855,
      0.0,
      0.0,
      0.0,
      0.041666666666666664,
      0.0,
      0.03571428571428571,
      0.0,
      0.05833333333333333,
      0.0,
      0.09166666666666665,
      0.08333333333333333,
      0.1,
      0.15185185185185185,
      0.19576719576719576,
      0.0,
      0.3333333333333333,
      0.20833333333333331,
      0.6666666666666666,
      0.5423280423280423,
      0.2075892857142857,
      0.020833333333333332,
      0.0,
      0.6037037037037036,
      0.0,
      0.04,
      0.0,
      0.0,
      0.14285714285714285,
      0.0,
      0.0,
      0.0,
      0.04897959183673469,
      0.041666666666666664,
      0.08333333333333333,
      0.3246753246753247,
      0.5714285714285714,
      0.041666666666666664,
      0.0,
      0.0,
      0.0,
      0.0,
      0.27777777777777773,
      0.0,
      0.0,
      0.018055555555555554,
      0.0,
      0.05396825396825397,
      0.16666666666666666,
      0.09897959183673469,
      0.0,
      0.25,
      0.0,
      0.041666666666666664,
      0.0,
      0.0,
      0.40740740740740744,
      0.2,
      0.0,
      0.20833333333333331,
      1.0,
      0.8095238095238094,
      0.0,
      0.2333333333333333,
      0.125,
      0.83015873015873,
      0.36666666666666664,
      0.0,
      0.07291666666666666,
      0.16666666666666666,
      0.3333333333333333,
      0.19642857142857142,
      0.048611111111111105,
      0.3211111111111111,
      0.0,
      0.3238095238095238,
      0.11666666666666665,
      0.05357142857142857,
      0.0,
      0.09404761904761903,
      0.2,
      0.16666666666666666,
      0.047619047619047616,
      0.25,
      0.0,
      0.0,
      0.18,
      0.0,
      0.0,
      0.007352941176470588,
      0.10555555555555556,
      0.0,
      0.0,
      0.0,
      0.0625,
      0.0,
      0.42857142857142855,
      0.07692307692307693,
      0.19047619047619047,
      0.0,
      0.17301587301587298,
      0.008333333333333333,
      0.2,
      0.3333333333333333,
      0.0,
      0.04583333333333334,
      0.0763888888888889,
      0.0,
      0.005555555555555555,
      0.07894736842105263,
      0.07222222222222222,
      0.025,
      0.0,
      0.05333333333333333
    ],