{"mrr":0.6977125220458553,"_timestamp":1.7774830290671382e+09,"ndcg@10":0.4465923722646414,"recall@10":0.40191038085248965,"ndcg":0.4465923722646414,"_wandb":{"runtime":5},"mrr@10":0.6977125220458553,"recall":0.40191038085248965,"_step":10,"_runtime":5,"precision":0.2817777777777778,"precision@10":0.2817777777777778,"map":0.31710808488004255,"k":10,"map@10":0.31710808488004255}