{
  "1": {
    "precision": 0.5555555555555556,
    "recall": 0.09836040768847785,
    "fscore": 0.1605714248415298,
    "map": 0.09836040768847785,
    "ndcg": 0.4477777777777778,
    "mrr": 0.5555555555555556
  },
  "2": {
    "precision": 0.44666666666666666,
    "recall": 0.14754516626209094,
    "fscore": 0.20867772869657378,
    "map": 0.1399592848958174,
    "ndcg": 0.3983423308512977,
    "mrr": 0.6155555555555555
  },
  "3": {
    "precision": 0.4059259259259259,
    "recall": 0.196317831215148,
    "fscore": 0.24636599563968944,
    "map": 0.17402189633424583,
    "ndcg": 0.38512843093709687,
    "mrr": 0.6377777777777778
  },
  "4": {
    "precision": 0.38555555555555554,
    "recall": 0.24428852311269306,
    "fscore": 0.2774958866403636,
    "map": 0.20307169205822131,
    "ndcg": 0.3895233279013904,
    "mrr": 0.6522222222222223
  },
  "5": {
    "precision": 0.3591111111111111,
    "recall": 0.2786591524833224,
    "fscore": 0.2906810531383601,
    "map": 0.22238698294017883,
    "ndcg": 0.39212912641339,
    "mrr": 0.6575555555555556
  },
  "6": {
    "precision": 0.33111111111111113,
    "recall": 0.3037646964072572,
    "fscore": 0.29259720435267134,
    "map": 0.234236837846164,
    "ndcg": 0.39303047564328025,
    "mrr": 0.6619999999999999
  },
  "7": {
    "precision": 0.3092063492063492,
    "recall": 0.32600911276480116,
    "fscore": 0.2933020728222687,
    "map": 0.24486162114725013,
    "ndcg": 0.39510558483265407,
    "mrr": 0.6639047619047619
  },
  "8": {
    "precision": 0.2972222222222222,
    "recall": 0.3514280703629339,
    "fscore": 0.2982831048624398,
    "map": 0.2561280749248601,
    "ndcg": 0.40399771501403825,
    "mrr": 0.6661269841269841
  },
  "9": {
    "precision": 0.2795061728395062,
    "recall": 0.3688782842739321,
    "fscore": 0.2945575784540664,
    "map": 0.26313442478415117,
    "ndcg": 0.4084904209052267,
    "mrr": 0.6671146384479718
  },
  "10": {
    "precision": 0.2662222222222222,
    "recall": 0.3857581765675499,
    "fscore": 0.29212768223848495,
    "map": 0.2696399136598361,
    "ndcg": 0.41385625088391037,
    "mrr": 0.6675590828924163
  }
}