{
  "1": {
    "precision": 0.6577777777777778,
    "recall": 0.11261648372372901,
    "fscore": 0.18506972900650065,
    "map": 0.11261648372372901,
    "ndcg": 0.5177777777777778,
    "mrr": 0.6577777777777778
  },
  "2": {
    "precision": 0.5511111111111111,
    "recall": 0.1834406381230124,
    "fscore": 0.25875237732455864,
    "map": 0.17550506752077516,
    "ndcg": 0.48144997078753193,
    "mrr": 0.7088888888888889
  },
  "3": {
    "precision": 0.47555555555555556,
    "recall": 0.22787052514641923,
    "fscore": 0.286577581513214,
    "map": 0.212433321039927,
    "ndcg": 0.45369084804423243,
    "mrr": 0.7207407407407407
  },
  "4": {
    "precision": 0.42333333333333334,
    "recall": 0.260982327785075,
    "fscore": 0.29885213436289665,
    "map": 0.23646018634183408,
    "ndcg": 0.4389693790029858,
    "mrr": 0.7251851851851852
  },
  "5": {
    "precision": 0.3857777777777778,
    "recall": 0.2913701621729094,
    "fscore": 0.30731305984480484,
    "map": 0.253353460968442,
    "ndcg": 0.433086177075566,
    "mrr": 0.7322962962962963
  },
  "6": {
    "precision": 0.35703703703703704,
    "recall": 0.31702283230597167,
    "fscore": 0.31065213293585386,
    "map": 0.26664507355580624,
    "ndcg": 0.4362181663871144,
    "mrr": 0.7367407407407408
  },
  "7": {
    "precision": 0.3365079365079365,
    "recall": 0.3464095434058104,
    "fscore": 0.31539530526515597,
    "map": 0.28109888727426435,
    "ndcg": 0.44105566485270886,
    "mrr": 0.7392804232804233
  },
  "8": {
    "precision": 0.315,
    "recall": 0.36410482582854387,
    "fscore": 0.3121920893290943,
    "map": 0.289022009486112,
    "ndcg": 0.44407340334701045,
    "mrr": 0.7409470899470899
  },
  "9": {
    "precision": 0.30074074074074075,
    "recall": 0.38919561595145025,
    "fscore": 0.31383206669239694,
    "map": 0.299119931824099,
    "ndcg": 0.45122342654079906,
    "mrr": 0.7419347442680776
  },
  "10": {
    "precision": 0.28,
    "recall": 0.39933881226131324,
    "fscore": 0.3049451606878542,
    "map": 0.3032016032391037,
    "ndcg": 0.45234255187840655,
    "mrr": 0.7419347442680776
  }
}