{
  "1": {
    "precision": 0.6533333333333333,
    "recall": 0.11420074741325587,
    "fscore": 0.18684750678427842,
    "map": 0.11420074741325587,
    "ndcg": 0.5177777777777778,
    "mrr": 0.6533333333333333
  },
  "2": {
    "precision": 0.54,
    "recall": 0.18103564415661494,
    "fscore": 0.25490020480571945,
    "map": 0.1763454681857372,
    "ndcg": 0.47513218123450524,
    "mrr": 0.6933333333333334
  },
  "3": {
    "precision": 0.47703703703703704,
    "recall": 0.22914351550506493,
    "fscore": 0.2879830649186974,
    "map": 0.21440397256475807,
    "ndcg": 0.4530857739109969,
    "mrr": 0.7125925925925927
  },
  "4": {
    "precision": 0.42444444444444446,
    "recall": 0.26375699593693613,
    "fscore": 0.30161896870944116,
    "map": 0.23801815104272964,
    "ndcg": 0.44067941176890607,
    "mrr": 0.7203703703703704
  },
  "5": {
    "precision": 0.38755555555555554,
    "recall": 0.2929368385115156,
    "fscore": 0.30910458930300094,
    "map": 0.2553868932816473,
    "ndcg": 0.4338805293095963,
    "mrr": 0.7274814814814815
  },
  "6": {
    "precision": 0.3592592592592592,
    "recall": 0.32088590179391213,
    "fscore": 0.3142185275528878,
    "map": 0.26964958943323236,
    "ndcg": 0.4371427130519925,
    "mrr": 0.7304444444444445
  },
  "7": {
    "precision": 0.3326984126984127,
    "recall": 0.34344926521746205,
    "fscore": 0.3127891786702935,
    "map": 0.28138975073915845,
    "ndcg": 0.4389869511177612,
    "mrr": 0.7317142857142857
  },
  "8": {
    "precision": 0.31166666666666665,
    "recall": 0.3654480768633325,
    "fscore": 0.3115058941901637,
    "map": 0.29092954056081105,
    "ndcg": 0.4435287259887678,
    "mrr": 0.7339365079365079
  },
  "9": {
    "precision": 0.2948148148148148,
    "recall": 0.3839207559634626,
    "fscore": 0.3091575668662563,
    "map": 0.2985599997086994,
    "ndcg": 0.4490786065452704,
    "mrr": 0.7349241622574956
  },
  "10": {
    "precision": 0.28,
    "recall": 0.39979533948977025,
    "fscore": 0.3054616109964238,
    "map": 0.30399768083557593,
    "ndcg": 0.4531099847839079,
    "mrr": 0.7349241622574956
  }
}