{
  "1": {
    "precision": 0.6622222222222223,
    "recall": 0.11372759483484013,
    "fscore": 0.18684750678427842,
    "map": 0.11372759483484013,
    "ndcg": 0.52,
    "mrr": 0.6622222222222223
  },
  "2": {
    "precision": 0.5488888888888889,
    "recall": 0.18407797219894298,
    "fscore": 0.2592846845235325,
    "map": 0.1772623310499685,
    "ndcg": 0.48143739989228845,
    "mrr": 0.7066666666666667
  },
  "3": {
    "precision": 0.47555555555555556,
    "recall": 0.2275852258415121,
    "fscore": 0.2864356580771729,
    "map": 0.213299187594476,
    "ndcg": 0.4544838677561019,
    "mrr": 0.7214814814814815
  },
  "4": {
    "precision": 0.4255555555555556,
    "recall": 0.26190368420643145,
    "fscore": 0.30038234034924294,
    "map": 0.2380404517872526,
    "ndcg": 0.4405728270514156,
    "mrr": 0.727037037037037
  },
  "5": {
    "precision": 0.3902222222222222,
    "recall": 0.2930493348520821,
    "fscore": 0.3099696600347383,
    "map": 0.2552023170824512,
    "ndcg": 0.43592598177600256,
    "mrr": 0.735037037037037
  },
  "6": {
    "precision": 0.36,
    "recall": 0.32133676528657135,
    "fscore": 0.31425476487181914,
    "map": 0.2693164692701328,
    "ndcg": 0.4383738930524544,
    "mrr": 0.7387407407407407
  },
  "7": {
    "precision": 0.3377777777777778,
    "recall": 0.3466947908381167,
    "fscore": 0.3160697042771509,
    "map": 0.28294878629874687,
    "ndcg": 0.44206958090076093,
    "mrr": 0.7412804232804232
  },
  "8": {
    "precision": 0.31777777777777777,
    "recall": 0.3680071827309008,
    "fscore": 0.3152122600647122,
    "map": 0.29214781533797196,
    "ndcg": 0.44680122596418703,
    "mrr": 0.7429470899470899
  },
  "9": {
    "precision": 0.29777777777777775,
    "recall": 0.38635696077946174,
    "fscore": 0.3111221723115733,
    "map": 0.29977314990707493,
    "ndcg": 0.4501833326564189,
    "mrr": 0.7434409171075838
  },
  "10": {
    "precision": 0.27644444444444444,
    "recall": 0.393437096692931,
    "fscore": 0.3005329833584331,
    "map": 0.3029696164035414,
    "ndcg": 0.4501304935345661,
    "mrr": 0.7434409171075838
  }
}